Name,Designer,Owner,Chip type,Series start date,End date,Number of units (5th percentile),Number of units (median),Number of units (95th percentile),H100e (5th percentile),H100e (median),H100e (95th percentile),Power (MW) (5th percentile),Power (MW) (median),Power (MW) (95th percentile),Cost (USD) (5th percentile),Cost (USD) (median),Cost (USD) (95th percentile),Incomplete,Source,Notes
Meta AMD MI300X cumulative Q1 2024 through Q1 2024,AMD,Meta,MI300X,2024-01-01,2024-03-31,8899.0,13354,20010.0,11759.0,17644,26439.0,6.674,10.015,15.007,111238810.0,166919541.0,250118937.0,,,Generated on 2026-09-24 17:33
Microsoft AMD MI300X cumulative Q1 2024 through Q1 2024,AMD,Microsoft,MI300X,2024-01-01,2024-03-31,5708.0,8414,12497.0,7542.0,11118,16512.0,4.281,6.311,9.373,71352330.0,105177052.0,156209947.0,,,Generated on 2026-09-24 17:33
Oracle AMD MI300X cumulative Q1 2024 through Q1 2024,AMD,Oracle,MI300X,2024-01-01,2024-03-31,2304.0,3376,4943.0,3044.0,4460,6532.0,1.728,2.532,3.708,28801454.0,42194009.0,61792310.0,,,Generated on 2026-09-24 17:33
Other AMD MI250X cumulative Q1 2024 through Q1 2024,AMD,Other,MI250X,2024-01-01,2024-03-31,20432.0,30379,42786.0,3954.0,5879,8280.0,10.216,15.19,21.393,204316552.0,303794492.0,427859067.0,,,"Excludes Microsoft, Meta, Oracle, China. Generated on 2026-09-24 17:33"
Other AMD MI300A cumulative Q1 2024 through Q1 2024,AMD,Other,MI300A,2024-01-01,2024-03-31,1120.0,3562,6350.0,1110.0,3530,6293.0,0.851,2.707,4.826,7503836.0,23866065.0,42547539.0,,,"Excludes Microsoft, Meta, Oracle, China. Generated on 2026-09-24 17:33"
Other AMD MI300X cumulative Q1 2024 through Q1 2024,AMD,Other,MI300X,2024-01-01,2024-03-31,4511.0,9027,14789.0,5961.0,11927,19541.0,3.383,6.77,11.091,56388596.0,112836427.0,184857452.0,,,"Excludes Microsoft, Meta, Oracle, China. Generated on 2026-09-24 17:33"
Meta AMD MI300X cumulative Q1 2024 through Q2 2024,AMD,Meta,MI300X,2024-01-01,2024-06-30,32139.0,44846,61795.0,42466.0,59256,81651.0,24.104,33.635,46.346,401739470.0,560577547.0,772431589.0,,,Generated on 2026-09-24 17:33
Microsoft AMD MI300X cumulative Q1 2024 through Q2 2024,AMD,Microsoft,MI300X,2024-01-01,2024-06-30,20962.0,28349,38099.0,27698.0,37458,50342.0,15.722,21.261,28.574,262026011.0,354357778.0,476241613.0,,,Generated on 2026-09-24 17:33
Oracle AMD MI300X cumulative Q1 2024 through Q2 2024,AMD,Oracle,MI300X,2024-01-01,2024-06-30,8382.0,11338,15302.0,11075.0,14981,20219.0,6.286,8.503,11.477,104771320.0,141722764.0,191280262.0,,,Generated on 2026-09-24 17:33
Other AMD MI250X cumulative Q1 2024 through Q2 2024,AMD,Other,MI250X,2024-01-01,2024-06-30,25304.0,36941,51423.0,4897.0,7149,9952.0,12.652,18.47,25.711,253037673.0,369407076.0,514228047.0,,,"Excludes Microsoft, Meta, Oracle, China. Generated on 2026-09-24 17:33"
Other AMD MI300A cumulative Q1 2024 through Q2 2024,AMD,Other,MI300A,2024-01-01,2024-06-30,6918.0,14405,22114.0,6855.0,14276,21915.0,5.257,10.948,16.807,46348484.0,96514644.0,148165604.0,,,"Excludes Microsoft, Meta, Oracle, China. Generated on 2026-09-24 17:33"
Other AMD MI300X cumulative Q1 2024 through Q2 2024,AMD,Other,MI300X,2024-01-01,2024-06-30,17157.0,30315,44606.0,22670.0,40056,58939.0,12.868,22.736,33.454,214464022.0,378935649.0,557573884.0,,,"Excludes Microsoft, Meta, Oracle, China. Generated on 2026-09-24 17:33"
Meta AMD MI300X cumulative Q1 2024 through Q3 2024,AMD,Meta,MI300X,2024-01-01,2024-09-30,60415.0,81805,110745.0,79828.0,108091,146331.0,45.312,61.354,83.059,755193194.0,1022566755.0,1384318270.0,,,Generated on 2026-09-24 17:33
Microsoft AMD MI300X cumulative Q1 2024 through Q3 2024,AMD,Microsoft,MI300X,2024-01-01,2024-09-30,39102.0,51670,68147.0,51666.0,68273,90044.0,29.326,38.752,51.11,488773158.0,645872544.0,851839697.0,,,Generated on 2026-09-24 17:33
Oracle AMD MI300X cumulative Q1 2024 through Q3 2024,AMD,Oracle,MI300X,2024-01-01,2024-09-30,15721.0,20679,27307.0,20772.0,27324,36082.0,11.791,15.509,20.48,196509434.0,258490920.0,341340301.0,,,Generated on 2026-09-24 17:33
Other AMD MI250X cumulative Q1 2024 through Q3 2024,AMD,Other,MI250X,2024-01-01,2024-09-30,28784.0,41433,57310.0,5571.0,8019,11091.0,14.392,20.716,28.655,287837487.0,414327508.0,573101123.0,,,"Excludes Microsoft, Meta, Oracle, China. Generated on 2026-09-24 17:33"
Other AMD MI300A cumulative Q1 2024 through Q3 2024,AMD,Other,MI300A,2024-01-01,2024-09-30,44152.0,57694,72338.0,43755.0,57175,71687.0,33.556,43.847,54.977,295819580.0,386546458.0,484664292.0,,,"Excludes Microsoft, Meta, Oracle, China. Generated on 2026-09-24 17:33"
Other AMD MI300X cumulative Q1 2024 through Q3 2024,AMD,Other,MI300X,2024-01-01,2024-09-30,33095.0,55398,79905.0,43729.0,73199,105580.0,24.821,41.548,59.929,413687730.0,692474426.0,998810587.0,,,"Excludes Microsoft, Meta, Oracle, China. Generated on 2026-09-24 17:33"
Meta AMD MI300X cumulative Q1 2024 through Q4 2024,AMD,Meta,MI300X,2024-01-01,2024-12-31,94274.0,126948,170503.0,124567.0,167740,225289.0,70.706,95.211,127.877,1178431228.0,1586852850.0,2131285391.0,,,Generated on 2026-09-24 17:33
Microsoft AMD MI300X cumulative Q1 2024 through Q4 2024,AMD,Microsoft,MI300X,2024-01-01,2024-12-31,61176.0,80205,104277.0,80833.0,105976,137783.0,45.882,60.154,78.208,764694077.0,1002558613.0,1303460240.0,,,Generated on 2026-09-24 17:33
Oracle AMD MI300X cumulative Q1 2024 through Q4 2024,AMD,Oracle,MI300X,2024-01-01,2024-12-31,24523.0,32106,41777.0,32403.0,42422,55201.0,18.393,24.079,31.333,306542319.0,401322887.0,522209155.0,,,Generated on 2026-09-24 17:33
Other AMD MI250X cumulative Q1 2024 through Q4 2024,AMD,Other,MI250X,2024-01-01,2024-12-31,31816.0,45024,61622.0,6157.0,8713,11926.0,15.908,22.512,30.811,318155853.0,450235169.0,616217803.0,,,"Excludes Microsoft, Meta, Oracle, China. Generated on 2026-09-24 17:33"
Other AMD MI300A cumulative Q1 2024 through Q4 2024,AMD,Other,MI300A,2024-01-01,2024-12-31,89654.0,110148,132598.0,88848.0,109158,131406.0,68.137,83.713,100.775,600683952.0,737994348.0,888408317.0,,,"Excludes Microsoft, Meta, Oracle, China. Generated on 2026-09-24 17:33"
Other AMD MI300X cumulative Q1 2024 through Q4 2024,AMD,Other,MI300X,2024-01-01,2024-12-31,51697.0,85513,122805.0,68309.0,112990,162266.0,38.773,64.135,92.104,646217706.0,1068908998.0,1535067161.0,,,"Excludes Microsoft, Meta, Oracle, China. Generated on 2026-09-24 17:33"
Meta AMD MI300X cumulative Q1 2024 through Q1 2025,AMD,Meta,MI300X,2024-01-01,2025-03-31,120395.0,163775,221150.0,159081.0,216400,292211.0,90.296,122.831,165.863,1504940382.0,2047190000.0,2764380409.0,,,Generated on 2026-09-24 17:33
Meta AMD MI325X cumulative Q1 2024 through Q1 2025,AMD,Meta,MI325X,2024-01-01,2025-03-31,7396.0,13707,25015.0,9717.0,18009,32864.0,7.396,13.707,25.015,110936442.0,205611048.0,375220570.0,,,Generated on 2026-09-24 17:33
Microsoft AMD MI300X cumulative Q1 2024 through Q1 2025,AMD,Microsoft,MI300X,2024-01-01,2025-03-31,74843.0,100047,133726.0,98891.0,132194,176695.0,56.132,75.035,100.294,935533920.0,1250587387.0,1671570442.0,,,Generated on 2026-09-24 17:33
Microsoft AMD MI325X cumulative Q1 2024 through Q1 2025,AMD,Microsoft,MI325X,2024-01-01,2025-03-31,3840.0,7341,14178.0,5046.0,9644,18627.0,3.84,7.341,14.178,57606629.0,110112865.0,212664986.0,,,Generated on 2026-09-24 17:33
Oracle AMD MI300X cumulative Q1 2024 through Q1 2025,AMD,Oracle,MI300X,2024-01-01,2025-03-31,29861.0,40895,57418.0,39456.0,54036,75868.0,22.396,30.671,43.064,373266149.0,511187561.0,717729360.0,,,Generated on 2026-09-24 17:33
Oracle AMD MI325X cumulative Q1 2024 through Q1 2025,AMD,Oracle,MI325X,2024-01-01,2025-03-31,1391.0,3184,7566.0,1827.0,4183,9940.0,1.391,3.184,7.566,20860143.0,47763719.0,113491538.0,,,Generated on 2026-09-24 17:33
Other AMD MI250X cumulative Q1 2024 through Q1 2025,AMD,Other,MI250X,2024-01-01,2025-03-31,31816.0,45024,61622.0,6157.0,8713,11926.0,15.908,22.512,30.811,318155853.0,450235169.0,616217803.0,,,"Excludes Microsoft, Meta, Oracle, China. Generated on 2026-09-24 17:33"
Other AMD MI300A cumulative Q1 2024 through Q1 2025,AMD,Other,MI300A,2024-01-01,2025-03-31,94212.0,114814,137640.0,93365.0,113781,136402.0,71.601,87.258,104.607,631220741.0,769252476.0,922189444.0,,,"Excludes Microsoft, Meta, Oracle, China. Generated on 2026-09-24 17:33"
Other AMD MI300X cumulative Q1 2024 through Q1 2025,AMD,Other,MI300X,2024-01-01,2025-03-31,57714.0,105246,155109.0,76259.0,139064,204949.0,43.285,78.935,116.332,721421672.0,1315577286.0,1938860927.0,,,"Excludes Microsoft, Meta, Oracle, China. Generated on 2026-09-24 17:33"
Other AMD MI325X cumulative Q1 2024 through Q1 2025,AMD,Other,MI325X,2024-01-01,2025-03-31,446.0,7172,15724.0,586.0,9422,20658.0,0.446,7.172,15.724,6693643.0,107574771.0,235854407.0,,,"Excludes Microsoft, Meta, Oracle, China. Generated on 2026-09-24 17:33"
Meta AMD MI300X cumulative Q1 2024 through Q2 2025,AMD,Meta,MI300X,2024-01-01,2025-06-30,134840.0,183791,248065.0,178167.0,242848,327774.0,101.13,137.843,186.048,1685496615.0,2297391539.0,3100808157.0,,,Generated on 2026-09-24 17:33
Meta AMD MI325X cumulative Q1 2024 through Q2 2025,AMD,Meta,MI325X,2024-01-01,2025-06-30,14900.0,25346,42795.0,19576.0,33299,56224.0,14.9,25.346,42.795,223499722.0,380189818.0,641921168.0,,,Generated on 2026-09-24 17:33
Meta AMD MI350X cumulative Q1 2024 through Q2 2025,AMD,Meta,MI350X,2024-01-01,2025-06-30,671.0,1722,3352.0,1564.0,4014,7815.0,0.671,1.722,3.352,15768347.0,40461198.0,78771424.0,,,Generated on 2026-09-24 17:33
Microsoft AMD MI300X cumulative Q1 2024 through Q2 2025,AMD,Microsoft,MI300X,2024-01-01,2025-06-30,82567.0,110905,148936.0,109097.0,146542,196792.0,61.925,83.179,111.702,1032083623.0,1386316323.0,1861697882.0,,,Generated on 2026-09-24 17:33
Microsoft AMD MI325X cumulative Q1 2024 through Q2 2025,AMD,Microsoft,MI325X,2024-01-01,2025-06-30,7699.0,13625,24340.0,10115.0,17900,31978.0,7.699,13.625,24.34,115490178.0,204370021.0,365097981.0,,,Generated on 2026-09-24 17:33
Microsoft AMD MI350X cumulative Q1 2024 through Q2 2025,AMD,Microsoft,MI350X,2024-01-01,2025-06-30,347.0,920,1877.0,809.0,2145,4376.0,0.347,0.92,1.877,8157517.0,21622666.0,44108504.0,,,Generated on 2026-09-24 17:33
Oracle AMD MI300X cumulative Q1 2024 through Q2 2025,AMD,Oracle,MI300X,2024-01-01,2025-06-30,32697.0,45705,65557.0,43204.0,60391,86622.0,24.523,34.279,49.168,408718281.0,571314249.0,819466922.0,,,Generated on 2026-09-24 17:33
Oracle AMD MI325X cumulative Q1 2024 through Q2 2025,AMD,Oracle,MI325X,2024-01-01,2025-06-30,2948.0,6062,12721.0,3873.0,7964,16713.0,2.948,6.062,12.721,44224578.0,90924787.0,190822153.0,,,Generated on 2026-09-24 17:33
Oracle AMD MI350X cumulative Q1 2024 through Q2 2025,AMD,Oracle,MI350X,2024-01-01,2025-06-30,133.0,402,978.0,310.0,937,2281.0,0.133,0.402,0.978,3124139.0,9440641.0,22989022.0,,,Generated on 2026-09-24 17:33
Other AMD MI250X cumulative Q1 2024 through Q2 2025,AMD,Other,MI250X,2024-01-01,2025-06-30,31816.0,45024,61622.0,6157.0,8713,11926.0,15.908,22.512,30.811,318155853.0,450235169.0,616217803.0,,,"Excludes Microsoft, Meta, Oracle, China. Generated on 2026-09-24 17:33"
Other AMD MI300A cumulative Q1 2024 through Q2 2025,AMD,Other,MI300A,2024-01-01,2025-06-30,94212.0,114814,137640.0,93365.0,113781,136402.0,71.601,87.258,104.607,631220741.0,769252476.0,922189444.0,,,"Excludes Microsoft, Meta, Oracle, China. Generated on 2026-09-24 17:33"
Other AMD MI300X cumulative Q1 2024 through Q2 2025,AMD,Other,MI300X,2024-01-01,2025-06-30,60994.0,115380,171124.0,80593.0,152455,226110.0,45.746,86.535,128.343,762426762.0,1442254791.0,2139046470.0,,,"Excludes Microsoft, Meta, Oracle, China. Generated on 2026-09-24 17:33"
Other AMD MI325X cumulative Q1 2024 through Q2 2025,AMD,Other,MI325X,2024-01-01,2025-06-30,1973.0,12981,26170.0,2592.0,17054,34382.0,1.973,12.981,26.17,29597225.0,194714389.0,392555222.0,,,"Excludes Microsoft, Meta, Oracle, China. Generated on 2026-09-24 17:33"
Other AMD MI350X cumulative Q1 2024 through Q2 2025,AMD,Other,MI350X,2024-01-01,2025-06-30,-4.0,844,2090.0,-10.0,1967,4872.0,-0.004,0.844,2.09,-103522.0,19826228.0,49103624.0,,,"Excludes Microsoft, Meta, Oracle, China. Generated on 2026-09-24 17:33"
Meta AMD MI300X cumulative Q1 2024 through Q3 2025,AMD,Meta,MI300X,2024-01-01,2025-09-30,149575.0,203666,275931.0,197637.0,269108,364594.0,112.181,152.749,206.948,1869690833.0,2545821619.0,3449132444.0,,,Generated on 2026-09-24 17:33
Meta AMD MI325X cumulative Q1 2024 through Q3 2025,AMD,Meta,MI325X,2024-01-01,2025-09-30,20174.0,33860,55845.0,26504.0,44486,73369.0,20.174,33.86,55.845,302604983.0,507905293.0,837680553.0,,,Generated on 2026-09-24 17:33
Meta AMD MI350X cumulative Q1 2024 through Q3 2025,AMD,Meta,MI350X,2024-01-01,2025-09-30,11341.0,17194,25894.0,26440.0,40087,60371.0,11.341,17.194,25.894,266504852.0,404058703.0,608509173.0,,,Generated on 2026-09-24 17:33
Meta AMD MI355X cumulative Q1 2024 through Q3 2025,AMD,Meta,MI355X,2024-01-01,2025-09-30,3072.0,5230,8545.0,7814.0,13301,21732.0,4.301,7.322,11.963,84492915.0,143823648.0,234981373.0,,,Generated on 2026-09-24 17:33
Microsoft AMD MI300X cumulative Q1 2024 through Q3 2025,AMD,Microsoft,MI300X,2024-01-01,2025-09-30,89983.0,121679,164453.0,118897.0,160778,217295.0,67.487,91.26,123.34,1124788036.0,1520993735.0,2055660611.0,,,Generated on 2026-09-24 17:33
Microsoft AMD MI325X cumulative Q1 2024 through Q3 2025,AMD,Microsoft,MI325X,2024-01-01,2025-09-30,10493.0,18114,31921.0,13786.0,23798,41937.0,10.493,18.114,31.921,157398214.0,271707123.0,478807655.0,,,Generated on 2026-09-24 17:33
Microsoft AMD MI350X cumulative Q1 2024 through Q3 2025,AMD,Microsoft,MI350X,2024-01-01,2025-09-30,5692.0,9275,14960.0,13271.0,21624,34878.0,5.692,9.275,14.96,133761129.0,217959278.0,351552868.0,,,Generated on 2026-09-24 17:33
Microsoft AMD MI355X cumulative Q1 2024 through Q3 2025,AMD,Microsoft,MI355X,2024-01-01,2025-09-30,1529.0,2828,4863.0,3889.0,7191,12369.0,2.141,3.959,6.809,42049630.0,77757733.0,133742840.0,,,Generated on 2026-09-24 17:33
Oracle AMD MI300X cumulative Q1 2024 through Q3 2025,AMD,Oracle,MI300X,2024-01-01,2025-09-30,35572.0,50707,73640.0,47002.0,67000,97302.0,26.679,38.03,55.23,444648180.0,633833911.0,920499004.0,,,Generated on 2026-09-24 17:33
Oracle AMD MI325X cumulative Q1 2024 through Q3 2025,AMD,Oracle,MI325X,2024-01-01,2025-09-30,4025.0,8112,16500.0,5288.0,10657,21678.0,4.025,8.112,16.5,60378040.0,121676896.0,247500991.0,,,Generated on 2026-09-24 17:33
Oracle AMD MI350X cumulative Q1 2024 through Q3 2025,AMD,Oracle,MI350X,2024-01-01,2025-09-30,2048.0,4044,8216.0,4774.0,9429,19155.0,2.048,4.044,8.216,48118858.0,95041744.0,193070037.0,,,Generated on 2026-09-24 17:33
Oracle AMD MI355X cumulative Q1 2024 through Q3 2025,AMD,Oracle,MI355X,2024-01-01,2025-09-30,563.0,1219,2644.0,1432.0,3101,6724.0,0.788,1.707,3.702,15481209.0,33533447.0,72708339.0,,,Generated on 2026-09-24 17:33
Other AMD MI250X cumulative Q1 2024 through Q3 2025,AMD,Other,MI250X,2024-01-01,2025-09-30,31816.0,45024,61622.0,6157.0,8713,11926.0,15.908,22.512,30.811,318155853.0,450235169.0,616217803.0,,,"Excludes Microsoft, Meta, Oracle, China. Generated on 2026-09-24 17:33"
Other AMD MI300A cumulative Q1 2024 through Q3 2025,AMD,Other,MI300A,2024-01-01,2025-09-30,94212.0,114814,137640.0,93365.0,113781,136402.0,71.601,87.258,104.607,631220741.0,769252476.0,922189444.0,,,"Excludes Microsoft, Meta, Oracle, China. Generated on 2026-09-24 17:33"
Other AMD MI300X cumulative Q1 2024 through Q3 2025,AMD,Other,MI300X,2024-01-01,2025-09-30,64497.0,125933,188781.0,85222.0,166399,249441.0,48.373,94.45,141.586,806214300.0,1574165715.0,2359759398.0,,,"Excludes Microsoft, Meta, Oracle, China. Generated on 2026-09-24 17:33"
Other AMD MI325X cumulative Q1 2024 through Q3 2025,AMD,Other,MI325X,2024-01-01,2025-09-30,3428.0,17294,34585.0,4503.0,22721,45438.0,3.428,17.294,34.585,51415802.0,259410054.0,518775404.0,,,"Excludes Microsoft, Meta, Oracle, China. Generated on 2026-09-24 17:33"
Other AMD MI350X cumulative Q1 2024 through Q3 2025,AMD,Other,MI350X,2024-01-01,2025-09-30,760.0,9048,17019.0,1771.0,21095,39680.0,0.76,9.048,17.019,17855591.0,212620944.0,399954362.0,,,"Excludes Microsoft, Meta, Oracle, China. Generated on 2026-09-24 17:33"
Other AMD MI355X cumulative Q1 2024 through Q3 2025,AMD,Other,MI355X,2024-01-01,2025-09-30,83.0,2717,5556.0,210.0,6910,14129.0,0.116,3.804,7.778,2270201.0,74717829.0,152776518.0,,,"Excludes Microsoft, Meta, Oracle, China. Generated on 2026-09-24 17:33"
China AMD MI308X cumulative Q1 2024 through Q4 2025,AMD,China,MI308X,2024-01-01,2025-12-31,25910.0,31784,39002.0,8559.0,10499,12883.0,19.433,23.838,29.251,310920977.0,381406400.0,468022424.0,,,Generated on 2026-09-24 17:33
Meta AMD MI300X cumulative Q1 2024 through Q4 2025,AMD,Meta,MI300X,2024-01-01,2025-12-31,153380.0,208351,282209.0,202665.0,275299,372889.0,115.035,156.263,211.657,1917250743.0,2604388715.0,3527610869.0,,,Generated on 2026-09-24 17:33
Meta AMD MI325X cumulative Q1 2024 through Q4 2025,AMD,Meta,MI325X,2024-01-01,2025-12-31,23855.0,39381,64729.0,31341.0,51739,85041.0,23.855,39.381,64.729,357826627.0,590718206.0,970940069.0,,,Generated on 2026-09-24 17:33
Meta AMD MI350X cumulative Q1 2024 through Q4 2025,AMD,Meta,MI350X,2024-01-01,2025-12-31,22569.0,32239,46446.0,52620.0,75165,108288.0,22.569,32.239,46.446,530377122.0,757616599.0,1091482024.0,,,Generated on 2026-09-24 17:33
Meta AMD MI355X cumulative Q1 2024 through Q4 2025,AMD,Meta,MI355X,2024-01-01,2025-12-31,14201.0,21147,31177.0,36116.0,53783,79293.0,19.881,29.606,43.648,390516693.0,581539068.0,857374666.0,,,Generated on 2026-09-24 17:33
Microsoft AMD MI300X cumulative Q1 2024 through Q4 2025,AMD,Microsoft,MI300X,2024-01-01,2025-12-31,91912.0,124338,167912.0,121445.0,164291,221865.0,68.934,93.254,125.934,1148894347.0,1554231136.0,2098893907.0,,,Generated on 2026-09-24 17:33
Microsoft AMD MI325X cumulative Q1 2024 through Q4 2025,AMD,Microsoft,MI325X,2024-01-01,2025-12-31,12560.0,21294,36636.0,16501.0,27976,48132.0,12.56,21.294,36.636,188399313.0,319408117.0,549542289.0,,,Generated on 2026-09-24 17:33
Microsoft AMD MI350X cumulative Q1 2024 through Q4 2025,AMD,Microsoft,MI350X,2024-01-01,2025-12-31,11566.0,17480,26492.0,26966.0,40755,61767.0,11.566,17.48,26.492,271803265.0,410787713.0,622573095.0,,,Generated on 2026-09-24 17:33
Microsoft AMD MI355X cumulative Q1 2024 through Q4 2025,AMD,Microsoft,MI355X,2024-01-01,2025-12-31,7268.0,11432,17983.0,18484.0,29076,45736.0,10.175,16.005,25.176,199859135.0,314392634.0,494529473.0,,,Generated on 2026-09-24 17:33
Oracle AMD MI300X cumulative Q1 2024 through Q4 2025,AMD,Oracle,MI300X,2024-01-01,2025-12-31,36277.0,51882,75737.0,47934.0,68553,100073.0,27.208,38.912,56.803,453467748.0,648526790.0,946714714.0,,,Generated on 2026-09-24 17:33
Oracle AMD MI325X cumulative Q1 2024 through Q4 2025,AMD,Oracle,MI325X,2024-01-01,2025-12-31,4821.0,9483,19003.0,6334.0,12458,24966.0,4.821,9.483,19.003,72319511.0,142239019.0,285043278.0,,,Generated on 2026-09-24 17:33
Oracle AMD MI350X cumulative Q1 2024 through Q4 2025,AMD,Oracle,MI350X,2024-01-01,2025-12-31,4162.0,7718,14167.0,9704.0,17993,33031.0,4.162,7.718,14.167,97810872.0,181363193.0,332929060.0,,,Generated on 2026-09-24 17:33
Oracle AMD MI355X cumulative Q1 2024 through Q4 2025,AMD,Oracle,MI355X,2024-01-01,2025-12-31,2520.0,5003,9529.0,6410.0,12725,24236.0,3.529,7.005,13.341,69310967.0,137596178.0,262056891.0,,,Generated on 2026-09-24 17:33
Other AMD MI250X cumulative Q1 2024 through Q4 2025,AMD,Other,MI250X,2024-01-01,2025-12-31,31816.0,45024,61622.0,6157.0,8713,11926.0,15.908,22.512,30.811,318155853.0,450235169.0,616217803.0,,,"Excludes Microsoft, Meta, Oracle, China. Generated on 2026-09-24 17:33"
Other AMD MI300A cumulative Q1 2024 through Q4 2025,AMD,Other,MI300A,2024-01-01,2025-12-31,94212.0,114814,137640.0,93365.0,113781,136402.0,71.601,87.258,104.607,631220741.0,769252476.0,922189444.0,,,"Excludes Microsoft, Meta, Oracle, China. Generated on 2026-09-24 17:33"
Other AMD MI300X cumulative Q1 2024 through Q4 2025,AMD,Other,MI300X,2024-01-01,2025-12-31,65263.0,128658,192557.0,86234.0,170000,254430.0,48.947,96.494,144.418,815788800.0,1608231086.0,2406965066.0,,,"Excludes Microsoft, Meta, Oracle, China. Generated on 2026-09-24 17:33"
Other AMD MI325X cumulative Q1 2024 through Q4 2025,AMD,Other,MI325X,2024-01-01,2025-12-31,4342.0,20207,39827.0,5705.0,26547,52324.0,4.342,20.207,39.827,65133832.0,303100097.0,597399503.0,,,"Excludes Microsoft, Meta, Oracle, China. Generated on 2026-09-24 17:33"
Other AMD MI350X cumulative Q1 2024 through Q4 2025,AMD,Other,MI350X,2024-01-01,2025-12-31,2822.0,16978,29748.0,6579.0,39585,69357.0,2.822,16.978,29.748,66309080.0,398994024.0,699075020.0,,,"Excludes Microsoft, Meta, Oracle, China. Generated on 2026-09-24 17:33"
Other AMD MI355X cumulative Q1 2024 through Q4 2025,AMD,Other,MI355X,2024-01-01,2025-12-31,1261.0,11133,20303.0,3208.0,28316,51637.0,1.766,15.587,28.424,34683763.0,306170707.0,558338257.0,,,"Excludes Microsoft, Meta, Oracle, China. Generated on 2026-09-24 17:33"
Amazon Amazon Trainium1 cumulative Q1 2024 through Q1 2024,Amazon,Amazon,Trainium1,2024-01-01,2024-03-31,49718.0,111727,250385.0,10552.0,23712,53139.0,14.916,33.518,75.116,,,,,,Generated on 2026-09-24 17:33
Amazon Amazon Trainium2 cumulative Q1 2024 through Q1 2024,Amazon,Amazon,Trainium2,2024-01-01,2024-03-31,6738.0,12855,23026.0,4423.0,8438,15114.0,3.369,6.427,11.513,26950426.0,51418264.0,92103725.0,,,Generated on 2026-09-24 17:33
Amazon Amazon Trainium1 cumulative Q1 2024 through Q2 2024,Amazon,Amazon,Trainium1,2024-01-01,2024-06-30,99437.0,223454,500770.0,21103.0,47423,106278.0,29.831,67.036,150.231,,,,,,Generated on 2026-09-24 17:33
Amazon Amazon Trainium2 cumulative Q1 2024 through Q2 2024,Amazon,Amazon,Trainium2,2024-01-01,2024-06-30,25986.0,44513,70752.0,17057.0,29218,46441.0,12.993,22.256,35.376,103945060.0,178050833.0,283008325.0,,,Generated on 2026-09-24 17:33
Amazon Amazon Trainium1 cumulative Q1 2024 through Q3 2024,Amazon,Amazon,Trainium1,2024-01-01,2024-09-30,149155.0,335181,751155.0,31655.0,71135,159417.0,44.747,100.554,225.347,,,,,,Generated on 2026-09-24 17:33
Amazon Amazon Trainium2 cumulative Q1 2024 through Q3 2024,Amazon,Amazon,Trainium2,2024-01-01,2024-09-30,78159.0,122350,175048.0,51303.0,80310,114900.0,39.08,61.175,87.524,312636446.0,489400415.0,700193261.0,,,Generated on 2026-09-24 17:33
Amazon Amazon Trainium1 cumulative Q1 2024 through Q4 2024,Amazon,Amazon,Trainium1,2024-01-01,2024-12-31,198874.0,446908,1001541.0,42207.0,94847,212555.0,59.662,134.072,300.462,,,,,,Generated on 2026-09-24 17:33
Amazon Amazon Trainium2 cumulative Q1 2024 through Q4 2024,Amazon,Amazon,Trainium2,2024-01-01,2024-12-31,208323.0,313693,427571.0,136742.0,205906,280654.0,104.162,156.847,213.786,833293495.0,1254773611.0,1710284478.0,,,Generated on 2026-09-24 17:33
Amazon Amazon Trainium1 cumulative Q1 2024 through Q1 2025,Amazon,Amazon,Trainium1,2024-01-01,2025-03-31,198874.0,446908,1001541.0,42207.0,94847,212555.0,59.662,134.072,300.462,,,,,,Generated on 2026-09-24 17:33
Amazon Amazon Trainium2 cumulative Q1 2024 through Q1 2025,Amazon,Amazon,Trainium2,2024-01-01,2025-03-31,429389.0,526532,631800.0,281848.0,345612,414709.0,214.695,263.266,315.9,1717557595.0,2106129120.0,2527201924.0,,,Generated on 2026-09-24 17:33
Amazon Amazon Trainium1 cumulative Q1 2024 through Q2 2025,Amazon,Amazon,Trainium1,2024-01-01,2025-06-30,198874.0,446908,1001541.0,42207.0,94847,212555.0,59.662,134.072,300.462,,,,,,Generated on 2026-09-24 17:33
Amazon Amazon Trainium2 cumulative Q1 2024 through Q2 2025,Amazon,Amazon,Trainium2,2024-01-01,2025-06-30,674808.0,774150,880957.0,442938.0,508146,578253.0,337.404,387.075,440.479,2699230554.0,3096600372.0,3523828440.0,,,Generated on 2026-09-24 17:33
Amazon Amazon Trainium1 cumulative Q1 2024 through Q3 2025,Amazon,Amazon,Trainium1,2024-01-01,2025-09-30,198874.0,446908,1001541.0,42207.0,94847,212555.0,59.662,134.072,300.462,,,,,,Generated on 2026-09-24 17:33
Amazon Amazon Trainium2 cumulative Q1 2024 through Q3 2025,Amazon,Amazon,Trainium2,2024-01-01,2025-09-30,951912.0,1063346,1180306.0,624828.0,697972,774744.0,475.956,531.673,590.153,3807649379.0,4253384936.0,4721225571.0,,,Generated on 2026-09-24 17:33
Amazon Amazon Trainium1 cumulative Q1 2024 through Q4 2025,Amazon,Amazon,Trainium1,2024-01-01,2025-12-31,198874.0,446908,1001541.0,42207.0,94847,212555.0,59.662,134.072,300.462,,,,,,Generated on 2026-09-24 17:33
Amazon Amazon Trainium2 cumulative Q1 2024 through Q4 2025,Amazon,Amazon,Trainium2,2024-01-01,2025-12-31,1259159.0,1400285,1542491.0,826502.0,919136,1012479.0,629.579,700.142,771.246,5036634862.0,5601138064.0,6169964173.0,,,Generated on 2026-09-24 17:33
China Cambricon Siyuan 590 cumulative Q1 2024 through Q1 2024,Cambricon,China,Siyuan 590,2024-01-01,2024-03-31,525.0,547,591.0,136.0,142,153.0,0.105,0.1094,0.1182,,,,,,Cambricon methodology; quarterly allocation proportional to reported quarterly revenue
China Cambricon Siyuan 590 cumulative Q1 2024 through Q2 2024,Cambricon,China,Siyuan 590,2024-01-01,2024-06-30,1324.0,1379,1490.0,343.0,357,386.0,0.2648,0.2758,0.298,,,,,,Cambricon methodology; quarterly allocation proportional to reported quarterly revenue
China Cambricon Siyuan 590 cumulative Q1 2024 through Q3 2024,Cambricon,China,Siyuan 590,2024-01-01,2024-09-30,3786.0,3944,4260.0,980.0,1020,1102.0,0.7572,0.7888,0.852,,,,,,Cambricon methodology; quarterly allocation proportional to reported quarterly revenue
China Cambricon Siyuan 590 cumulative Q1 2024 through Q4 2024,Cambricon,China,Siyuan 590,2024-01-01,2024-12-31,24000.0,25000,27000.0,6209.0,6468,6985.0,4.8,5.0,5.4,,,,,,Cambricon methodology; quarterly allocation proportional to reported quarterly revenue
China Cambricon Siyuan 590 cumulative Q1 2024 through Q1 2025,Cambricon,China,Siyuan 590,2024-01-01,2025-03-31,41106.0,43817,52659.0,10634.0,11335,13623.0,8.2212,8.7634,10.5318,,,,,,Cambricon methodology; quarterly allocation proportional to reported quarterly revenue
China Cambricon Siyuan 590 cumulative Q1 2024 through Q2 2025,Cambricon,China,Siyuan 590,2024-01-01,2025-06-30,68336.0,73770,93504.0,17681.0,19084,24190.0,13.6672,14.754,18.7008,,,,,,Cambricon methodology; quarterly allocation proportional to reported quarterly revenue
China Cambricon Siyuan 590 cumulative Q1 2024 through Q3 2025,Cambricon,China,Siyuan 590,2024-01-01,2025-09-30,94914.0,103005,133370.0,24556.0,26647,34503.0,18.9828,20.601,26.674,,,,,,Cambricon methodology; quarterly allocation proportional to reported quarterly revenue
China Cambricon Siyuan 590 cumulative Q1 2024 through Q4 2025,Cambricon,China,Siyuan 590,2024-01-01,2025-12-31,124000.0,135000,177000.0,32079.0,34925,45788.0,24.8,27.0,35.4,,,,,,Cambricon methodology; quarterly allocation proportional to reported quarterly revenue
Google Google TPU v4 cumulative Q4 2022 through Q4 2022,Google,Google,TPU v4,2022-10-01,2022-12-31,48807.0,66381,87280.0,6782.0,9224,12128.0,16.594,22.57,29.675,166139812.0,225960970.0,297101066.0,,,Based on Broadcom fiscal quarters. Generated on 2026-09-24 17:32
Google Google TPU v4i cumulative Q4 2022 through Q4 2022,Google,Google,TPU v4i,2022-10-01,2022-12-31,12640.0,20603,31385.0,881.0,1437,2189.0,2.212,3.606,5.492,29350291.0,47840903.0,72876260.0,,,Based on Broadcom fiscal quarters. Generated on 2026-09-24 17:32
Google Google TPU v5e cumulative Q4 2022 through Q4 2022,Google,Google,TPU v5e,2022-10-01,2022-12-31,9820.0,15662,23488.0,1950.0,3110,4664.0,2.21,3.524,5.285,27202232.0,43384385.0,65060911.0,,,Based on Broadcom fiscal quarters. Generated on 2026-09-24 17:32
Google Google TPU v4 cumulative Q4 2022 through Q1 2023,Google,Google,TPU v4,2022-10-01,2023-03-31,137135.0,185905,242859.0,19056.0,25833,33748.0,46.626,63.208,82.572,466807648.0,632822016.0,826693478.0,,,Based on Broadcom fiscal quarters. Generated on 2026-09-24 17:32
Google Google TPU v4i cumulative Q4 2022 through Q1 2023,Google,Google,TPU v4i,2022-10-01,2023-03-31,18552.0,30240,46065.0,1294.0,2109,3212.0,3.247,5.292,8.061,43078652.0,70218099.0,106963543.0,,,Based on Broadcom fiscal quarters. Generated on 2026-09-24 17:32
Google Google TPU v5e cumulative Q4 2022 through Q1 2023,Google,Google,TPU v5e,2022-10-01,2023-03-31,33106.0,54874,81404.0,6574.0,10897,16166.0,7.449,12.347,18.316,91703466.0,152000232.0,225488174.0,,,Based on Broadcom fiscal quarters. Generated on 2026-09-24 17:32
Google Google TPU v4 cumulative Q4 2022 through Q2 2023,Google,Google,TPU v4,2022-10-01,2023-06-30,184328.0,252738,331401.0,25614.0,35120,46051.0,62.672,85.931,112.676,627452432.0,860321836.0,1128087582.0,,,Based on Broadcom fiscal quarters. Generated on 2026-09-24 17:32
Google Google TPU v4i cumulative Q4 2022 through Q2 2023,Google,Google,TPU v4i,2022-10-01,2023-06-30,18552.0,30240,46065.0,1294.0,2109,3212.0,3.247,5.292,8.061,43078652.0,70218099.0,106963543.0,,,Based on Broadcom fiscal quarters. Generated on 2026-09-24 17:32
Google Google TPU v5e cumulative Q4 2022 through Q2 2023,Google,Google,TPU v5e,2022-10-01,2023-06-30,122002.0,174516,241577.0,24228.0,34656,47974.0,27.45,39.266,54.355,337945746.0,483409002.0,669167434.0,,,Based on Broadcom fiscal quarters. Generated on 2026-09-24 17:32
Google Google TPU v4 cumulative Q4 2022 through Q3 2023,Google,Google,TPU v4,2022-10-01,2023-09-30,191600.0,263966,348035.0,26625.0,36680,48363.0,65.144,89.748,118.332,652206032.0,898540367.0,1184711530.0,,,Based on Broadcom fiscal quarters. Generated on 2026-09-24 17:32
Google Google TPU v4i cumulative Q4 2022 through Q3 2023,Google,Google,TPU v4i,2022-10-01,2023-09-30,18552.0,30240,46065.0,1294.0,2109,3212.0,3.247,5.292,8.061,43078652.0,70218099.0,106963543.0,,,Based on Broadcom fiscal quarters. Generated on 2026-09-24 17:32
Google Google TPU v5e cumulative Q4 2022 through Q3 2023,Google,Google,TPU v5e,2022-10-01,2023-09-30,308387.0,424382,562656.0,61241.0,84276,111735.0,69.387,95.486,126.598,854231680.0,1175539158.0,1558557060.0,,,Based on Broadcom fiscal quarters. Generated on 2026-09-24 17:32
Google Google TPU v4 cumulative Q4 2022 through Q4 2023,Google,Google,TPU v4,2022-10-01,2023-12-31,191600.0,263966,348035.0,26625.0,36680,48363.0,65.144,89.748,118.332,652206032.0,898540367.0,1184711530.0,,,Based on Broadcom fiscal quarters. Generated on 2026-09-24 17:32
Google Google TPU v4i cumulative Q4 2022 through Q4 2023,Google,Google,TPU v4i,2022-10-01,2023-12-31,18552.0,30240,46065.0,1294.0,2109,3212.0,3.247,5.292,8.061,43078652.0,70218099.0,106963543.0,,,Based on Broadcom fiscal quarters. Generated on 2026-09-24 17:32
Google Google TPU v5e cumulative Q4 2022 through Q4 2023,Google,Google,TPU v5e,2022-10-01,2023-12-31,598081.0,813057,1063900.0,118770.0,161461,211275.0,134.568,182.938,239.378,1656684155.0,2252168801.0,2947003925.0,,,Based on Broadcom fiscal quarters. Generated on 2026-09-24 17:32
Google Google TPU v5p cumulative Q4 2022 through Q4 2023,Google,Google,TPU v5p,2022-10-01,2023-12-31,7238.0,14460,22370.0,3357.0,6707,10377.0,3.908,7.808,12.08,43591764.0,87090044.0,134732532.0,,,Based on Broadcom fiscal quarters. Generated on 2026-09-24 17:32
Google Google TPU v4 cumulative Q4 2022 through Q1 2024,Google,Google,TPU v4,2022-10-01,2024-03-31,191600.0,263966,348035.0,26625.0,36680,48363.0,65.144,89.748,118.332,652206032.0,898540367.0,1184711530.0,,,Based on Broadcom fiscal quarters. Generated on 2026-09-24 17:32
Google Google TPU v4i cumulative Q4 2022 through Q1 2024,Google,Google,TPU v4i,2022-10-01,2024-03-31,18552.0,30240,46065.0,1294.0,2109,3212.0,3.247,5.292,8.061,43078652.0,70218099.0,106963543.0,,,Based on Broadcom fiscal quarters. Generated on 2026-09-24 17:32
Google Google TPU v5e cumulative Q4 2022 through Q1 2024,Google,Google,TPU v5e,2022-10-01,2024-03-31,903245.0,1234572,1610990.0,179371.0,245168,319919.0,203.23,277.779,362.473,2501988604.0,3419763742.0,4462442448.0,,,Based on Broadcom fiscal quarters. Generated on 2026-09-24 17:32
Google Google TPU v5p cumulative Q4 2022 through Q1 2024,Google,Google,TPU v5p,2022-10-01,2024-03-31,70062.0,97291,127768.0,32499.0,45131,59268.0,37.833,52.537,68.995,421980674.0,585985636.0,769547666.0,,,Based on Broadcom fiscal quarters. Generated on 2026-09-24 17:32
Google Google TPU v4 cumulative Q4 2022 through Q2 2024,Google,Google,TPU v4,2022-10-01,2024-06-30,191600.0,263966,348035.0,26625.0,36680,48363.0,65.144,89.748,118.332,652206032.0,898540367.0,1184711530.0,,,Based on Broadcom fiscal quarters. Generated on 2026-09-24 17:32
Google Google TPU v4i cumulative Q4 2022 through Q2 2024,Google,Google,TPU v4i,2022-10-01,2024-06-30,18552.0,30240,46065.0,1294.0,2109,3212.0,3.247,5.292,8.061,43078652.0,70218099.0,106963543.0,,,Based on Broadcom fiscal quarters. Generated on 2026-09-24 17:32
Google Google TPU v5e cumulative Q4 2022 through Q2 2024,Google,Google,TPU v5e,2022-10-01,2024-06-30,1178326.0,1609678,2105433.0,233998.0,319658,418108.0,265.123,362.178,473.722,3263962715.0,4458807945.0,5832049597.0,,,Based on Broadcom fiscal quarters. Generated on 2026-09-24 17:32
Google Google TPU v5p cumulative Q4 2022 through Q2 2024,Google,Google,TPU v5p,2022-10-01,2024-06-30,177155.0,242628,316735.0,82177.0,112548,146924.0,95.664,131.019,171.037,1067005065.0,1461350063.0,1907695837.0,,,Based on Broadcom fiscal quarters. Generated on 2026-09-24 17:32
Google Google TPU v4 cumulative Q4 2022 through Q3 2024,Google,Google,TPU v4,2022-10-01,2024-09-30,191600.0,263966,348035.0,26625.0,36680,48363.0,65.144,89.748,118.332,652206032.0,898540367.0,1184711530.0,,,Based on Broadcom fiscal quarters. Generated on 2026-09-24 17:32
Google Google TPU v4i cumulative Q4 2022 through Q3 2024,Google,Google,TPU v4i,2022-10-01,2024-09-30,18552.0,30240,46065.0,1294.0,2109,3212.0,3.247,5.292,8.061,43078652.0,70218099.0,106963543.0,,,Based on Broadcom fiscal quarters. Generated on 2026-09-24 17:32
Google Google TPU v5e cumulative Q4 2022 through Q3 2024,Google,Google,TPU v5e,2022-10-01,2024-09-30,1442306.0,1968938,2587143.0,286421.0,391002,513768.0,324.519,443.011,582.107,3995187846.0,5453958316.0,7166386415.0,,,Based on Broadcom fiscal quarters. Generated on 2026-09-24 17:32
Google Google TPU v5p cumulative Q4 2022 through Q3 2024,Google,Google,TPU v5p,2022-10-01,2024-09-30,292834.0,402762,527118.0,135837.0,186829,244515.0,158.13,217.491,284.644,1763739789.0,2425833214.0,3174834353.0,,,Based on Broadcom fiscal quarters. Generated on 2026-09-24 17:32
Google Google TPU v6e cumulative Q4 2022 through Q3 2024,Google,Google,TPU v6e,2022-10-01,2024-09-30,17332.0,40020,71152.0,16080.0,37129,66010.0,6.586,15.208,27.038,72378956.0,167125536.0,297129686.0,,,Based on Broadcom fiscal quarters. Generated on 2026-09-24 17:32
Google Google TPU v4 cumulative Q4 2022 through Q4 2024,Google,Google,TPU v4,2022-10-01,2024-12-31,191600.0,263966,348035.0,26625.0,36680,48363.0,65.144,89.748,118.332,652206032.0,898540367.0,1184711530.0,,,Based on Broadcom fiscal quarters. Generated on 2026-09-24 17:32
Google Google TPU v4i cumulative Q4 2022 through Q4 2024,Google,Google,TPU v4i,2022-10-01,2024-12-31,18552.0,30240,46065.0,1294.0,2109,3212.0,3.247,5.292,8.061,43078652.0,70218099.0,106963543.0,,,Based on Broadcom fiscal quarters. Generated on 2026-09-24 17:32
Google Google TPU v5e cumulative Q4 2022 through Q4 2024,Google,Google,TPU v5e,2022-10-01,2024-12-31,1663077.0,2274050,2998912.0,330262.0,451593,595539.0,374.192,511.661,674.755,4606723807.0,6299118401.0,8306987558.0,,,Based on Broadcom fiscal quarters. Generated on 2026-09-24 17:32
Google Google TPU v5p cumulative Q4 2022 through Q4 2024,Google,Google,TPU v5p,2022-10-01,2024-12-31,391899.0,537740,700754.0,181791.0,249442,325059.0,211.626,290.38,378.407,2360408654.0,3238806948.0,4220641601.0,,,Based on Broadcom fiscal quarters. Generated on 2026-09-24 17:32
Google Google TPU v6e cumulative Q4 2022 through Q4 2024,Google,Google,TPU v6e,2022-10-01,2024-12-31,150897.0,215717,291877.0,139993.0,200130,270786.0,57.341,81.973,110.913,630144508.0,900836260.0,1218876632.0,,,Based on Broadcom fiscal quarters. Generated on 2026-09-24 17:32
Google Google TPU v4 cumulative Q4 2022 through Q1 2025,Google,Google,TPU v4,2022-10-01,2025-03-31,191600.0,263966,348035.0,26625.0,36680,48363.0,65.144,89.748,118.332,652206032.0,898540367.0,1184711530.0,,,Based on Broadcom fiscal quarters. Generated on 2026-09-24 17:32
Google Google TPU v4i cumulative Q4 2022 through Q1 2025,Google,Google,TPU v4i,2022-10-01,2025-03-31,18552.0,30240,46065.0,1294.0,2109,3212.0,3.247,5.292,8.061,43078652.0,70218099.0,106963543.0,,,Based on Broadcom fiscal quarters. Generated on 2026-09-24 17:32
Google Google TPU v5e cumulative Q4 2022 through Q1 2025,Google,Google,TPU v5e,2022-10-01,2025-03-31,1728011.0,2371099,3127166.0,343157.0,470865,621009.0,388.802,533.497,703.612,4786589342.0,6567944528.0,8662250661.0,,,Based on Broadcom fiscal quarters. Generated on 2026-09-24 17:32
Google Google TPU v5p cumulative Q4 2022 through Q1 2025,Google,Google,TPU v5p,2022-10-01,2025-03-31,462110.0,634480,821282.0,214359.0,294317,380969.0,249.539,342.619,443.492,2783287478.0,3821474468.0,4946582761.0,,,Based on Broadcom fiscal quarters. Generated on 2026-09-24 17:32
Google Google TPU v6e cumulative Q4 2022 through Q1 2025,Google,Google,TPU v6e,2022-10-01,2025-03-31,470049.0,623687,791462.0,436084.0,578620,734272.0,178.619,237.001,300.755,1962924426.0,2604516202.0,3305143759.0,,,Based on Broadcom fiscal quarters. Generated on 2026-09-24 17:32
Google Google TPU v4 cumulative Q4 2022 through Q2 2025,Google,Google,TPU v4,2022-10-01,2025-06-30,191600.0,263966,348035.0,26625.0,36680,48363.0,65.144,89.748,118.332,652206032.0,898540367.0,1184711530.0,,,Based on Broadcom fiscal quarters. Generated on 2026-09-24 17:32
Google Google TPU v4i cumulative Q4 2022 through Q2 2025,Google,Google,TPU v4i,2022-10-01,2025-06-30,18552.0,30240,46065.0,1294.0,2109,3212.0,3.247,5.292,8.061,43078652.0,70218099.0,106963543.0,,,Based on Broadcom fiscal quarters. Generated on 2026-09-24 17:32
Google Google TPU v5e cumulative Q4 2022 through Q2 2025,Google,Google,TPU v5e,2022-10-01,2025-06-30,1728011.0,2371099,3127166.0,343157.0,470865,621009.0,388.802,533.497,703.612,4786589342.0,6567944528.0,8662250661.0,,,Based on Broadcom fiscal quarters. Generated on 2026-09-24 17:32
Google Google TPU v5p cumulative Q4 2022 through Q2 2025,Google,Google,TPU v5p,2022-10-01,2025-06-30,483220.0,667119,863830.0,224152.0,309457,400706.0,260.939,360.244,466.468,2910433306.0,4018057594.0,5202850853.0,,,Based on Broadcom fiscal quarters. Generated on 2026-09-24 17:32
Google Google TPU v6e cumulative Q4 2022 through Q2 2025,Google,Google,TPU v6e,2022-10-01,2025-06-30,993826.0,1287714,1593762.0,922014.0,1194665,1478599.0,377.654,489.331,605.63,4150218282.0,5377491619.0,6655550140.0,,,Based on Broadcom fiscal quarters. Generated on 2026-09-24 17:32
Google Google TPU v4 cumulative Q4 2022 through Q3 2025,Google,Google,TPU v4,2022-10-01,2025-09-30,191600.0,263966,348035.0,26625.0,36680,48363.0,65.144,89.748,118.332,652206032.0,898540367.0,1184711530.0,,,Based on Broadcom fiscal quarters. Generated on 2026-09-24 17:32
Google Google TPU v4i cumulative Q4 2022 through Q3 2025,Google,Google,TPU v4i,2022-10-01,2025-09-30,18552.0,30240,46065.0,1294.0,2109,3212.0,3.247,5.292,8.061,43078652.0,70218099.0,106963543.0,,,Based on Broadcom fiscal quarters. Generated on 2026-09-24 17:32
Google Google TPU v5e cumulative Q4 2022 through Q3 2025,Google,Google,TPU v5e,2022-10-01,2025-09-30,1728011.0,2371099,3127166.0,343157.0,470865,621009.0,388.802,533.497,703.612,4786589342.0,6567944528.0,8662250661.0,,,Based on Broadcom fiscal quarters. Generated on 2026-09-24 17:32
Google Google TPU v5p cumulative Q4 2022 through Q3 2025,Google,Google,TPU v5p,2022-10-01,2025-09-30,483220.0,667119,863830.0,224152.0,309457,400706.0,260.939,360.244,466.468,2910433306.0,4018057594.0,5202850853.0,,,Based on Broadcom fiscal quarters. Generated on 2026-09-24 17:32
Google Google TPU v6e cumulative Q4 2022 through Q3 2025,Google,Google,TPU v6e,2022-10-01,2025-09-30,1567343.0,2029046,2495491.0,1454089.0,1882430,2315170.0,595.59,771.038,948.287,6545224779.0,8473297077.0,10421169985.0,,,Based on Broadcom fiscal quarters. Generated on 2026-09-24 17:32
Google Google TPU v7 cumulative Q4 2022 through Q3 2025,Google,Google,TPU v7,2022-10-01,2025-09-30,23632.0,51358,80444.0,55098.0,119740,187553.0,22.687,49.304,77.226,328698300.0,714339019.0,1118892726.0,,,Based on Broadcom fiscal quarters. Generated on 2026-09-24 17:32
Google Google TPU v4 cumulative Q4 2022 through Q4 2025,Google,Google,TPU v4,2022-10-01,2025-12-31,191600.0,263966,348035.0,26625.0,36680,48363.0,65.144,89.748,118.332,652206032.0,898540367.0,1184711530.0,,,Based on Broadcom fiscal quarters. Generated on 2026-09-24 17:32
Google Google TPU v4i cumulative Q4 2022 through Q4 2025,Google,Google,TPU v4i,2022-10-01,2025-12-31,18552.0,30240,46065.0,1294.0,2109,3212.0,3.247,5.292,8.061,43078652.0,70218099.0,106963543.0,,,Based on Broadcom fiscal quarters. Generated on 2026-09-24 17:32
Google Google TPU v5e cumulative Q4 2022 through Q4 2025,Google,Google,TPU v5e,2022-10-01,2025-12-31,1728011.0,2371099,3127166.0,343157.0,470865,621009.0,388.802,533.497,703.612,4786589342.0,6567944528.0,8662250661.0,,,Based on Broadcom fiscal quarters. Generated on 2026-09-24 17:32
Google Google TPU v5p cumulative Q4 2022 through Q4 2025,Google,Google,TPU v5p,2022-10-01,2025-12-31,483220.0,667119,863830.0,224152.0,309457,400706.0,260.939,360.244,466.468,2910433306.0,4018057594.0,5202850853.0,,,Based on Broadcom fiscal quarters. Generated on 2026-09-24 17:32
Google Google TPU v6e cumulative Q4 2022 through Q4 2025,Google,Google,TPU v6e,2022-10-01,2025-12-31,1862024.0,2427686,2996658.0,1727476.0,2252264,2780124.0,707.569,922.521,1138.73,7775811052.0,10138014870.0,12514045280.0,,,Based on Broadcom fiscal quarters. Generated on 2026-09-24 17:32
Google Google TPU v7 cumulative Q4 2022 through Q4 2025,Google,Google,TPU v7,2022-10-01,2025-12-31,178196.0,249694,330685.0,415461.0,582156,770986.0,171.068,239.706,317.458,2478528764.0,3472990672.0,4599498131.0,,,Based on Broadcom fiscal quarters. Generated on 2026-09-24 17:32
Google Google TPU v4 cumulative Q4 2022 through Q1 2026,Google,Google,TPU v4,2022-10-01,2026-03-31,191600.0,263966,348035.0,26625.0,36680,48363.0,65.144,89.748,118.332,652206032.0,898540367.0,1184711530.0,,,Based on Broadcom fiscal quarters. Generated on 2026-09-24 17:32
Google Google TPU v4i cumulative Q4 2022 through Q1 2026,Google,Google,TPU v4i,2022-10-01,2026-03-31,18552.0,30240,46065.0,1294.0,2109,3212.0,3.247,5.292,8.061,43078652.0,70218099.0,106963543.0,,,Based on Broadcom fiscal quarters. Generated on 2026-09-24 17:32
Google Google TPU v5e cumulative Q4 2022 through Q1 2026,Google,Google,TPU v5e,2022-10-01,2026-03-31,1728011.0,2371099,3127166.0,343157.0,470865,621009.0,388.802,533.497,703.612,4786589342.0,6567944528.0,8662250661.0,,,Based on Broadcom fiscal quarters. Generated on 2026-09-24 17:32
Google Google TPU v5p cumulative Q4 2022 through Q1 2026,Google,Google,TPU v5p,2022-10-01,2026-03-31,483220.0,667119,863830.0,224152.0,309457,400706.0,260.939,360.244,466.468,2910433306.0,4018057594.0,5202850853.0,,,Based on Broadcom fiscal quarters. Generated on 2026-09-24 17:32
Google Google TPU v6e cumulative Q4 2022 through Q1 2026,Google,Google,TPU v6e,2022-10-01,2026-03-31,1976128.0,2569138,3184548.0,1833336.0,2383496,2954436.0,750.929,976.273,1210.128,8252311410.0,10728722295.0,13298671535.0,,,Based on Broadcom fiscal quarters. Generated on 2026-09-24 17:32
Google Google TPU v7 cumulative Q4 2022 through Q1 2026,Google,Google,TPU v7,2022-10-01,2026-03-31,422905.0,558630,708262.0,985995.0,1302434,1651298.0,405.989,536.285,679.931,5882188203.0,7769981279.0,9851209348.0,,,Based on Broadcom fiscal quarters. Generated on 2026-09-24 17:32
Google Google TPU v4 cumulative Q4 2022 through Q2 2026,Google,Google,TPU v4,2022-10-01,2026-06-30,191600.0,263966,348035.0,26625.0,36680,48363.0,65.144,89.748,118.332,652206032.0,898540367.0,1184711530.0,true,,Based on Broadcom fiscal quarters. Generated on 2026-09-24 17:32
Google Google TPU v4i cumulative Q4 2022 through Q2 2026,Google,Google,TPU v4i,2022-10-01,2026-06-30,18552.0,30240,46065.0,1294.0,2109,3212.0,3.247,5.292,8.061,43078652.0,70218099.0,106963543.0,true,,Based on Broadcom fiscal quarters. Generated on 2026-09-24 17:32
Google Google TPU v5e cumulative Q4 2022 through Q2 2026,Google,Google,TPU v5e,2022-10-01,2026-06-30,1728011.0,2371099,3127166.0,343157.0,470865,621009.0,388.802,533.497,703.612,4786589342.0,6567944528.0,8662250661.0,true,,Based on Broadcom fiscal quarters. Generated on 2026-09-24 17:32
Google Google TPU v5p cumulative Q4 2022 through Q2 2026,Google,Google,TPU v5p,2022-10-01,2026-06-30,483220.0,667119,863830.0,224152.0,309457,400706.0,260.939,360.244,466.468,2910433306.0,4018057594.0,5202850853.0,true,,Based on Broadcom fiscal quarters. Generated on 2026-09-24 17:32
Google Google TPU v6e cumulative Q4 2022 through Q2 2026,Google,Google,TPU v6e,2022-10-01,2026-06-30,2007593.0,2607433,3235284.0,1862527.0,2419023,3001506.0,762.885,990.825,1229.408,8383710058.0,10888640856.0,13510544820.0,true,,Based on Broadcom fiscal quarters. Generated on 2026-09-24 17:32
Google Google TPU v7 cumulative Q4 2022 through Q2 2026,Google,Google,TPU v7,2022-10-01,2026-06-30,517174.0,681682,857504.0,1205782.0,1589329,1999255.0,496.487,654.415,823.204,7193378967.0,9481518722.0,11927030061.0,true,,Based on Broadcom fiscal quarters. Generated on 2026-09-24 17:32
China Huawei Ascend 910B cumulative Q1 2024 through Q1 2024,Huawei,China,Ascend 910B,2024-01-01,2024-03-31,87500.0,100000,125000.0,27363.0,35379,45991.0,35.0,40.0,50.0,1312500000.0,1500000000.0,1875000000.0,,see methodology,Confidence intervals in units are relatively unprincipled due to lack of revenue model. Don't take them too literally. H100e conversion incorporates some uncertainty over average chip specifications. See methodology
China Huawei Ascend 910C cumulative Q1 2024 through Q1 2024,Huawei,China,Ascend 910C,2024-01-01,2024-03-31,6250.0,12500,25000.0,4877.0,9649,18995.0,4.375,8.75,17.5,125000000.0,250000000.0,500000000.0,,see methodology,Confidence intervals in units are relatively unprincipled due to lack of revenue model. Don't take them too literally. H100e conversion incorporates some uncertainty over average chip specifications. See methodology
China Huawei Ascend 910B cumulative Q1 2024 through Q2 2024,Huawei,China,Ascend 910B,2024-01-01,2024-06-30,175000.0,200000,250000.0,54726.0,70758,91982.0,70.0,80.0,100.0,2625000000.0,3000000000.0,3750000000.0,,see methodology,Confidence intervals in units are relatively unprincipled due to lack of revenue model. Don't take them too literally. H100e conversion incorporates some uncertainty over average chip specifications. See methodology
China Huawei Ascend 910C cumulative Q1 2024 through Q2 2024,Huawei,China,Ascend 910C,2024-01-01,2024-06-30,12500.0,25000,50000.0,9754.0,19298,37990.0,8.75,17.5,35.0,250000000.0,500000000.0,1000000000.0,,see methodology,Confidence intervals in units are relatively unprincipled due to lack of revenue model. Don't take them too literally. H100e conversion incorporates some uncertainty over average chip specifications. See methodology
China Huawei Ascend 910B cumulative Q1 2024 through Q3 2024,Huawei,China,Ascend 910B,2024-01-01,2024-09-30,262500.0,300000,375000.0,82089.0,106137,137973.0,105.0,120.0,150.0,3937500000.0,4500000000.0,5625000000.0,,see methodology,Confidence intervals in units are relatively unprincipled due to lack of revenue model. Don't take them too literally. H100e conversion incorporates some uncertainty over average chip specifications. See methodology
China Huawei Ascend 910C cumulative Q1 2024 through Q3 2024,Huawei,China,Ascend 910C,2024-01-01,2024-09-30,18750.0,37500,75000.0,14631.0,28947,56985.0,13.125,26.25,52.5,375000000.0,750000000.0,1500000000.0,,see methodology,Confidence intervals in units are relatively unprincipled due to lack of revenue model. Don't take them too literally. H100e conversion incorporates some uncertainty over average chip specifications. See methodology
China Huawei Ascend 910B cumulative Q1 2024 through Q4 2024,Huawei,China,Ascend 910B,2024-01-01,2024-12-31,350000.0,400000,500000.0,109452.0,141516,183964.0,140.0,160.0,200.0,5250000000.0,6000000000.0,7500000000.0,,see methodology,Confidence intervals in units are relatively unprincipled due to lack of revenue model. Don't take them too literally. H100e conversion incorporates some uncertainty over average chip specifications. See methodology
China Huawei Ascend 910C cumulative Q1 2024 through Q4 2024,Huawei,China,Ascend 910C,2024-01-01,2024-12-31,25000.0,50000,100000.0,19508.0,38596,75980.0,17.5,35.0,70.0,500000000.0,1000000000.0,2000000000.0,,see methodology,Confidence intervals in units are relatively unprincipled due to lack of revenue model. Don't take them too literally. H100e conversion incorporates some uncertainty over average chip specifications. See methodology
China Huawei Ascend 910B cumulative Q1 2024 through Q1 2025,Huawei,China,Ascend 910B,2024-01-01,2025-03-31,387500.0,450000,566500.0,121399.0,158333,207847.0,155.0,180.0,226.6,5812500000.0,6750000000.0,8497500000.0,,see methodology,Confidence intervals in units are relatively unprincipled due to lack of revenue model. Don't take them too literally. H100e conversion incorporates some uncertainty over average chip specifications. See methodology
China Huawei Ascend 910C cumulative Q1 2024 through Q1 2025,Huawei,China,Ascend 910C,2024-01-01,2025-03-31,150000.0,200000,275000.0,116707.0,153743,211991.0,105.0,140.0,192.5,3000000000.0,4000000000.0,5500000000.0,,see methodology,Confidence intervals in units are relatively unprincipled due to lack of revenue model. Don't take them too literally. H100e conversion incorporates some uncertainty over average chip specifications. See methodology
China Huawei Ascend 910B cumulative Q1 2024 through Q2 2025,Huawei,China,Ascend 910B,2024-01-01,2025-06-30,425000.0,500000,633000.0,133346.0,175150,231730.0,170.0,200.0,253.2,6375000000.0,7500000000.0,9495000000.0,,see methodology,Confidence intervals in units are relatively unprincipled due to lack of revenue model. Don't take them too literally. H100e conversion incorporates some uncertainty over average chip specifications. See methodology
China Huawei Ascend 910C cumulative Q1 2024 through Q2 2025,Huawei,China,Ascend 910C,2024-01-01,2025-06-30,275000.0,350000,450000.0,213906.0,268890,348002.0,192.5,245.0,315.0,5500000000.0,7000000000.0,9000000000.0,,see methodology,Confidence intervals in units are relatively unprincipled due to lack of revenue model. Don't take them too literally. H100e conversion incorporates some uncertainty over average chip specifications. See methodology
China Huawei Ascend 910B cumulative Q1 2024 through Q3 2025,Huawei,China,Ascend 910B,2024-01-01,2025-09-30,462500.0,550000,699500.0,145293.0,191967,255613.0,185.0,220.0,279.8,6937500000.0,8250000000.0,10492500000.0,,see methodology,Confidence intervals in units are relatively unprincipled due to lack of revenue model. Don't take them too literally. H100e conversion incorporates some uncertainty over average chip specifications. See methodology
China Huawei Ascend 910C cumulative Q1 2024 through Q3 2025,Huawei,China,Ascend 910C,2024-01-01,2025-09-30,400000.0,500000,625000.0,311105.0,384037,484013.0,280.0,350.0,437.5,8000000000.0,10000000000.0,12500000000.0,,see methodology,Confidence intervals in units are relatively unprincipled due to lack of revenue model. Don't take them too literally. H100e conversion incorporates some uncertainty over average chip specifications. See methodology
China Huawei Ascend 910B cumulative Q1 2024 through Q4 2025,Huawei,China,Ascend 910B,2024-01-01,2025-12-31,500000.0,600000,766000.0,157240.0,208784,279496.0,200.0,240.0,306.4,7500000000.0,9000000000.0,11490000000.0,,see methodology,Confidence intervals in units are relatively unprincipled due to lack of revenue model. Don't take them too literally. H100e conversion incorporates some uncertainty over average chip specifications. See methodology
China Huawei Ascend 910C cumulative Q1 2024 through Q4 2025,Huawei,China,Ascend 910C,2024-01-01,2025-12-31,525000.0,650000,800000.0,408304.0,499184,620024.0,367.5,455.0,560.0,10500000000.0,13000000000.0,16000000000.0,,see methodology,Confidence intervals in units are relatively unprincipled due to lack of revenue model. Don't take them too literally. H100e conversion incorporates some uncertainty over average chip specifications. See methodology
Amazon Nvidia A100 cumulative Q1 2022 through Q1 2022,Nvidia,Amazon,A100,2022-01-01,2022-03-31,10611.0,17885,30655.0,3346.0,5639,9666.0,4.244,7.154,12.262,127334097.0,214625292.0,367857145.0,,,Based on Nvidia fiscal quarters. Generated on 2026-09-24 17:33
China Nvidia A100 cumulative Q1 2022 through Q1 2022,Nvidia,China,A100,2022-01-01,2022-03-31,19345.0,29857,46305.0,6100.0,9414,14600.0,7.738,11.943,18.522,232136694.0,358287748.0,555659334.0,,,Based on Nvidia fiscal quarters. Generated on 2026-09-24 17:33
Google Nvidia A100 cumulative Q1 2022 through Q1 2022,Nvidia,Google,A100,2022-01-01,2022-03-31,10686.0,18078,30202.0,3370.0,5700,9523.0,4.275,7.231,12.081,128235688.0,216937090.0,362427058.0,,,Based on Nvidia fiscal quarters. Generated on 2026-09-24 17:33
Meta Nvidia A100 cumulative Q1 2022 through Q1 2022,Nvidia,Meta,A100,2022-01-01,2022-03-31,14505.0,24610,42530.0,4574.0,7760,13410.0,5.802,9.844,17.012,174064452.0,295322632.0,510364656.0,,,Based on Nvidia fiscal quarters. Generated on 2026-09-24 17:33
Microsoft Nvidia A100 cumulative Q1 2022 through Q1 2022,Nvidia,Microsoft,A100,2022-01-01,2022-03-31,27647.0,46840,79069.0,8718.0,14769,24931.0,11.059,18.736,31.628,331768325.0,562079597.0,948826307.0,,,Based on Nvidia fiscal quarters. Generated on 2026-09-24 17:33
Oracle Nvidia A100 cumulative Q1 2022 through Q1 2022,Nvidia,Oracle,A100,2022-01-01,2022-03-31,2393.0,5094,10910.0,755.0,1606,3440.0,0.957,2.037,4.364,28717921.0,61122356.0,130920221.0,,,Based on Nvidia fiscal quarters. Generated on 2026-09-24 17:33
Other Nvidia A100 cumulative Q1 2022 through Q1 2022,Nvidia,Other,A100,2022-01-01,2022-03-31,30261.0,55719,100315.0,9674.0,17812,32069.0,12.104437,22.287768,40.126048,363132000.0,668628000.0,1203780000.0,,,"Excludes Microsoft, Meta, Amazon, Google, Oracle, China, xAI, CoreWeave. Generated on 2026-04-22 11:57 Converted from the percentile-only CSVs in owners_csv_export/."
Amazon Nvidia A100 cumulative Q1 2022 through Q2 2022,Nvidia,Amazon,A100,2022-01-01,2022-06-30,22794.0,37105,62249.0,7187.0,11700,19628.0,9.118,14.842,24.9,273533003.0,445256073.0,746987994.0,,,Based on Nvidia fiscal quarters. Generated on 2026-09-24 17:33
China Nvidia A100 cumulative Q1 2022 through Q2 2022,Nvidia,China,A100,2022-01-01,2022-06-30,40017.0,61763,95787.0,12618.0,19475,30203.0,16.007,24.705,38.315,480199825.0,741156906.0,1149441351.0,,,Based on Nvidia fiscal quarters. Generated on 2026-09-24 17:33
Google Nvidia A100 cumulative Q1 2022 through Q2 2022,Nvidia,Google,A100,2022-01-01,2022-06-30,22408.0,37219,61100.0,7066.0,11736,19265.0,8.963,14.888,24.44,268898714.0,446631199.0,733198728.0,,,Based on Nvidia fiscal quarters. Generated on 2026-09-24 17:33
Meta Nvidia A100 cumulative Q1 2022 through Q2 2022,Nvidia,Meta,A100,2022-01-01,2022-06-30,30524.0,51256,85992.0,9625.0,16162,27114.0,12.21,20.502,34.397,366287180.0,615074010.0,1031906108.0,,,Based on Nvidia fiscal quarters. Generated on 2026-09-24 17:33
Microsoft Nvidia A100 cumulative Q1 2022 through Q2 2022,Nvidia,Microsoft,A100,2022-01-01,2022-06-30,59043.0,97888,160682.0,18617.0,30865,50665.0,23.617,39.155,64.273,708516326.0,1174651664.0,1928180462.0,,,Based on Nvidia fiscal quarters. Generated on 2026-09-24 17:33
Oracle Nvidia A100 cumulative Q1 2022 through Q2 2022,Nvidia,Oracle,A100,2022-01-01,2022-06-30,5217.0,10723,22033.0,1645.0,3381,6947.0,2.087,4.289,8.813,62607092.0,128675677.0,264398758.0,,,Based on Nvidia fiscal quarters. Generated on 2026-09-24 17:33
Other Nvidia A100 cumulative Q1 2022 through Q2 2022,Nvidia,Other,A100,2022-01-01,2022-06-30,65267.0,115818,208839.0,20692.0,36718,66209.0,26.106833,46.32739,83.53566,783204000.0,1389816000.0,2506068000.0,,,"Excludes Microsoft, Meta, Amazon, Google, Oracle, China, xAI, CoreWeave. Generated on 2026-04-22 11:57 Converted from the percentile-only CSVs in owners_csv_export/."
Amazon Nvidia A100 cumulative Q1 2022 through Q3 2022,Nvidia,Amazon,A100,2022-01-01,2022-09-30,34519.0,55612,91679.0,10884.0,17535,28907.0,13.808,22.245,36.671,414232234.0,667340914.0,1100142711.0,,,Based on Nvidia fiscal quarters. Generated on 2026-09-24 17:33
Amazon Nvidia H100/H200 cumulative Q1 2022 through Q3 2022,Nvidia,Amazon,H100/H200,2022-01-01,2022-09-30,297.0,515,876.0,297.0,515,876.0,0.208,0.36,0.613,7417804.0,12872773.0,21900546.0,,,Based on Nvidia fiscal quarters. Generated on 2026-09-24 17:33
China Nvidia A100 cumulative Q1 2022 through Q3 2022,Nvidia,China,A100,2022-01-01,2022-09-30,47101.0,72697,112744.0,14851.0,22922,35549.0,18.84,29.079,45.098,565211140.0,872366290.0,1352930638.0,,,Based on Nvidia fiscal quarters. Generated on 2026-09-24 17:33
Google Nvidia A100 cumulative Q1 2022 through Q3 2022,Nvidia,Google,A100,2022-01-01,2022-09-30,34113.0,55715,90432.0,10756.0,17568,28514.0,13.645,22.286,36.173,409356343.0,668583505.0,1085186115.0,,,Based on Nvidia fiscal quarters. Generated on 2026-09-24 17:33
Google Nvidia H100/H200 cumulative Q1 2022 through Q3 2022,Nvidia,Google,H100/H200,2022-01-01,2022-09-30,298.0,511,878.0,298.0,511,878.0,0.209,0.358,0.615,7449454.0,12778915.0,21959106.0,,,Based on Nvidia fiscal quarters. Generated on 2026-09-24 17:33
Meta Nvidia A100 cumulative Q1 2022 through Q3 2022,Nvidia,Meta,A100,2022-01-01,2022-09-30,46302.0,76280,126308.0,14600.0,24052,39826.0,18.521,30.512,50.523,555629400.0,915362721.0,1515698687.0,,,Based on Nvidia fiscal quarters. Generated on 2026-09-24 17:33
Meta Nvidia H100/H200 cumulative Q1 2022 through Q3 2022,Nvidia,Meta,H100/H200,2022-01-01,2022-09-30,406.0,703,1214.0,406.0,703,1214.0,0.284,0.492,0.85,10151004.0,17576664.0,30354637.0,,,Based on Nvidia fiscal quarters. Generated on 2026-09-24 17:33
Microsoft Nvidia A100 cumulative Q1 2022 through Q3 2022,Nvidia,Microsoft,A100,2022-01-01,2022-09-30,89278.0,146521,239548.0,28150.0,46200,75532.0,35.711,58.608,95.819,1071337177.0,1758252380.0,2874573733.0,,,Based on Nvidia fiscal quarters. Generated on 2026-09-24 17:33
Microsoft Nvidia H100/H200 cumulative Q1 2022 through Q3 2022,Nvidia,Microsoft,H100/H200,2022-01-01,2022-09-30,778.0,1342,2304.0,778.0,1342,2304.0,0.545,0.94,1.613,19457220.0,33553769.0,57603997.0,,,Based on Nvidia fiscal quarters. Generated on 2026-09-24 17:33
Oracle Nvidia A100 cumulative Q1 2022 through Q3 2022,Nvidia,Oracle,A100,2022-01-01,2022-09-30,7936.0,16098,32144.0,2502.0,5076,10135.0,3.175,6.439,12.858,95236121.0,193176921.0,385728771.0,,,Based on Nvidia fiscal quarters. Generated on 2026-09-24 17:33
Oracle Nvidia H100/H200 cumulative Q1 2022 through Q3 2022,Nvidia,Oracle,H100/H200,2022-01-01,2022-09-30,62.0,143,319.0,62.0,143,319.0,0.043,0.1,0.223,1552154.0,3566876.0,7978545.0,,,Based on Nvidia fiscal quarters. Generated on 2026-09-24 17:33
Other Nvidia A100 cumulative Q1 2022 through Q3 2022,Nvidia,Other,A100,2022-01-01,2022-09-30,121010.0,197592,335798.0,38566.0,62972,107019.0,48.404256,79.036848,134.319348,1452120000.0,2371104000.0,4029576000.0,,,"Excludes Microsoft, Meta, Amazon, Google, Oracle, China, xAI, CoreWeave. Generated on 2026-04-22 11:57 Converted from the percentile-only CSVs in owners_csv_export/."
Other Nvidia H100/H200 cumulative Q1 2022 through Q3 2022,Nvidia,Other,H100/H200,2022-01-01,2022-09-30,1704.0,2544,3801.0,1723.0,2571,3842.0,1.193344,1.780994,2.661288,42600000.0,63600000.0,95025000.0,,,"Excludes Microsoft, Meta, Amazon, Google, Oracle, China, xAI, CoreWeave. Generated on 2026-04-22 11:57 Converted from the percentile-only CSVs in owners_csv_export/."
Amazon Nvidia A100 cumulative Q1 2022 through Q4 2022,Nvidia,Amazon,A100,2022-01-01,2022-12-31,41960.0,66232,107408.0,13231.0,20884,33867.0,16.784,26.493,42.963,503524856.0,794779068.0,1288898861.0,,,Based on Nvidia fiscal quarters. Generated on 2026-09-24 17:33
Amazon Nvidia H100/H200 cumulative Q1 2022 through Q4 2022,Nvidia,Amazon,H100/H200,2022-01-01,2022-12-31,2701.0,3836,5310.0,2701.0,3836,5310.0,1.891,2.685,3.717,67528380.0,95910382.0,132750398.0,,,Based on Nvidia fiscal quarters. Generated on 2026-09-24 17:33
China Nvidia A100 cumulative Q1 2022 through Q4 2022,Nvidia,China,A100,2022-01-01,2022-12-31,47101.0,72697,112744.0,14851.0,22922,35549.0,18.84,29.079,45.098,565211140.0,872366290.0,1352930638.0,,,Based on Nvidia fiscal quarters. Generated on 2026-09-24 17:33
China Nvidia A800 cumulative Q1 2022 through Q4 2022,Nvidia,China,A800,2022-01-01,2022-12-31,21518.0,28133,36493.0,6785.0,8870,11507.0,8.607,11.253,14.597,258214105.0,337590659.0,437913225.0,,,Based on Nvidia fiscal quarters. Generated on 2026-09-24 17:33
Google Nvidia A100 cumulative Q1 2022 through Q4 2022,Nvidia,Google,A100,2022-01-01,2022-12-31,41422.0,66221,106424.0,13061.0,20880,33557.0,16.569,26.489,42.57,497068037.0,794656877.0,1277091293.0,,,Based on Nvidia fiscal quarters. Generated on 2026-09-24 17:33
Google Nvidia H100/H200 cumulative Q1 2022 through Q4 2022,Nvidia,Google,H100/H200,2022-01-01,2022-12-31,2721.0,3828,5395.0,2721.0,3828,5395.0,1.905,2.68,3.776,68034673.0,95706985.0,134869069.0,,,Based on Nvidia fiscal quarters. Generated on 2026-09-24 17:33
Meta Nvidia A100 cumulative Q1 2022 through Q4 2022,Nvidia,Meta,A100,2022-01-01,2022-12-31,56294.0,90758,148018.0,17750.0,28617,46672.0,22.517,36.303,59.207,675522977.0,1089100165.0,1776221081.0,,,Based on Nvidia fiscal quarters. Generated on 2026-09-24 17:33
Meta Nvidia H100/H200 cumulative Q1 2022 through Q4 2022,Nvidia,Meta,H100/H200,2022-01-01,2022-12-31,3709.0,5264,7374.0,3709.0,5264,7374.0,2.596,3.685,5.162,92721257.0,131598577.0,184353879.0,,,Based on Nvidia fiscal quarters. Generated on 2026-09-24 17:33
Microsoft Nvidia A100 cumulative Q1 2022 through Q4 2022,Nvidia,Microsoft,A100,2022-01-01,2022-12-31,108118.0,174086,281081.0,34091.0,54891,88628.0,43.247,69.634,112.432,1297421873.0,2089033453.0,3372968238.0,,,Based on Nvidia fiscal quarters. Generated on 2026-09-24 17:33
Microsoft Nvidia H100/H200 cumulative Q1 2022 through Q4 2022,Nvidia,Microsoft,H100/H200,2022-01-01,2022-12-31,7156.0,10028,14277.0,7156.0,10028,14277.0,5.009,7.02,9.994,178901839.0,250699427.0,356929129.0,,,Based on Nvidia fiscal quarters. Generated on 2026-09-24 17:33
Oracle Nvidia A100 cumulative Q1 2022 through Q4 2022,Nvidia,Oracle,A100,2022-01-01,2022-12-31,10056.0,19947,38484.0,3171.0,6289,12134.0,4.022,7.979,15.394,120672429.0,239362551.0,461805096.0,,,Based on Nvidia fiscal quarters. Generated on 2026-09-24 17:33
Oracle Nvidia H100/H200 cumulative Q1 2022 through Q4 2022,Nvidia,Oracle,H100/H200,2022-01-01,2022-12-31,874.0,1548,2705.0,874.0,1548,2705.0,0.612,1.083,1.893,21845536.0,38689352.0,67620924.0,,,Based on Nvidia fiscal quarters. Generated on 2026-09-24 17:33
Other Nvidia A100 cumulative Q1 2022 through Q4 2022,Nvidia,Other,A100,2022-01-01,2022-12-31,151821.0,245502,395834.0,47680.0,77100,124312.0,60.728712,98.201057,158.3337,1821852000.0,2946024000.0,4750008000.0,,,"Excludes Microsoft, Meta, Amazon, Google, Oracle, China, xAI, CoreWeave. Generated on 2026-04-22 11:57 Converted from the percentile-only CSVs in owners_csv_export/."
Other Nvidia H100/H200 cumulative Q1 2022 through Q4 2022,Nvidia,Other,H100/H200,2022-01-01,2022-12-31,9136.0,12984,18404.0,9100.0,12932,18330.0,6.395553,9.089235,12.882926,228400000.0,324600000.0,460100000.0,,,"Excludes Microsoft, Meta, Amazon, Google, Oracle, China, xAI, CoreWeave. Generated on 2026-04-22 11:57 Converted from the percentile-only CSVs in owners_csv_export/."
Amazon Nvidia A100 cumulative Q1 2022 through Q1 2023,Nvidia,Amazon,A100,2022-01-01,2023-03-31,46374.0,72321,115619.0,14622.0,22804,36456.0,18.549,28.928,46.247,556482094.0,867851161.0,1387423519.0,,,Based on Nvidia fiscal quarters. Generated on 2026-09-24 17:33
Amazon Nvidia H100/H200 cumulative Q1 2022 through Q1 2023,Nvidia,Amazon,H100/H200,2022-01-01,2023-03-31,7165.0,9685,13009.0,7165.0,9685,13009.0,5.015,6.779,9.106,179113433.0,242113734.0,325217665.0,,,Based on Nvidia fiscal quarters. Generated on 2026-09-24 17:33
China Nvidia A100 cumulative Q1 2022 through Q1 2023,Nvidia,China,A100,2022-01-01,2023-03-31,47101.0,72697,112744.0,14851.0,22922,35549.0,18.84,29.079,45.098,565211140.0,872366290.0,1352930638.0,,,Based on Nvidia fiscal quarters. Generated on 2026-09-24 17:33
China Nvidia A800 cumulative Q1 2022 through Q1 2023,Nvidia,China,A800,2022-01-01,2023-03-31,43934.0,57439,74508.0,13853.0,18111,23493.0,17.573,22.976,29.803,527203518.0,689269018.0,894100625.0,,,Based on Nvidia fiscal quarters. Generated on 2026-09-24 17:33
China Nvidia H800 cumulative Q1 2022 through Q1 2023,Nvidia,China,H800,2022-01-01,2023-03-31,5923.0,7342,9137.0,5923.0,7342,9137.0,4.146,5.139,6.396,177691700.0,220261749.0,274107248.0,,,Based on Nvidia fiscal quarters. Generated on 2026-09-24 17:33
CoreWeave Nvidia H100/H200 cumulative Q1 2023 through Q1 2023,Nvidia,CoreWeave,H100/H200,2023-01-01,2023-03-31,4611.0,4611,4611.0,4611.0,4611,4611.0,3.2277,3.2277,3.2277,115275000.0,115275000.0,115275000.0,,,Generated on 2026-04-22 12:04 Converted from the percentile-only CSVs in owners_csv_export/coreweave/.
Google Nvidia A100 cumulative Q1 2022 through Q1 2023,Nvidia,Google,A100,2022-01-01,2023-03-31,46106.0,72397,114433.0,14538.0,22828,36082.0,18.442,28.959,45.773,553270715.0,868763864.0,1373191093.0,,,Based on Nvidia fiscal quarters. Generated on 2026-09-24 17:33
Google Nvidia H100/H200 cumulative Q1 2022 through Q1 2023,Nvidia,Google,H100/H200,2022-01-01,2023-03-31,7171.0,9691,13083.0,7171.0,9691,13083.0,5.019,6.783,9.158,179266844.0,242264517.0,327064714.0,,,Based on Nvidia fiscal quarters. Generated on 2026-09-24 17:33
Meta Nvidia A100 cumulative Q1 2022 through Q1 2023,Nvidia,Meta,A100,2022-01-01,2023-03-31,62687.0,99236,159754.0,19766.0,31290,50372.0,25.075,39.694,63.902,752245830.0,1190830088.0,1917052565.0,,,Based on Nvidia fiscal quarters. Generated on 2026-09-24 17:33
Meta Nvidia H100/H200 cumulative Q1 2022 through Q1 2023,Nvidia,Meta,H100/H200,2022-01-01,2023-03-31,9769.0,13326,17965.0,9769.0,13326,17965.0,6.838,9.328,12.575,244223704.0,333143475.0,449114535.0,,,Based on Nvidia fiscal quarters. Generated on 2026-09-24 17:33
Microsoft Nvidia A100 cumulative Q1 2022 through Q1 2023,Nvidia,Microsoft,A100,2022-01-01,2023-03-31,120003.0,190248,302612.0,37838.0,59987,95417.0,48.001,76.099,121.045,1440032639.0,2282975338.0,3631338401.0,,,Based on Nvidia fiscal quarters. Generated on 2026-09-24 17:33
Microsoft Nvidia H100/H200 cumulative Q1 2022 through Q1 2023,Nvidia,Microsoft,H100/H200,2022-01-01,2023-03-31,18729.0,25357,34699.0,18729.0,25357,34699.0,13.11,17.75,24.289,468213974.0,633930635.0,867480059.0,,,Based on Nvidia fiscal quarters. Generated on 2026-09-24 17:33
Oracle Nvidia A100 cumulative Q1 2022 through Q1 2023,Nvidia,Oracle,A100,2022-01-01,2023-03-31,11798.0,22710,42666.0,3720.0,7161,13453.0,4.719,9.084,17.066,141580472.0,272523998.0,511988822.0,,,Based on Nvidia fiscal quarters. Generated on 2026-09-24 17:33
Oracle Nvidia H100/H200 cumulative Q1 2022 through Q1 2023,Nvidia,Oracle,H100/H200,2022-01-01,2023-03-31,2494.0,4101,6772.0,2494.0,4101,6772.0,1.746,2.871,4.74,62341859.0,102521814.0,169287602.0,,,Based on Nvidia fiscal quarters. Generated on 2026-09-24 17:33
Other Nvidia A100 cumulative Q1 2022 through Q1 2023,Nvidia,Other,A100,2022-01-01,2023-03-31,166381.0,262498,419035.0,53359.0,84183,134385.0,66.552731,104.999327,167.614133,1996572000.0,3149976000.0,5028420000.0,,,"Excludes Microsoft, Meta, Amazon, Google, Oracle, China, xAI, CoreWeave. Generated on 2026-04-22 11:57 Converted from the percentile-only CSVs in owners_csv_export/."
Other Nvidia H100/H200 cumulative Q1 2022 through Q1 2023,Nvidia,Other,H100/H200,2022-01-01,2023-03-31,17216.0,25812,37708.0,17510.0,26253,38353.0,12.051455,18.068582,26.395899,430400000.0,645300000.0,942700000.0,,,"Excludes Microsoft, Meta, Amazon, Google, Oracle, China, xAI, CoreWeave. Generated on 2026-04-22 11:57 Converted from the percentile-only CSVs in owners_csv_export/."
Amazon Nvidia A100 cumulative Q1 2022 through Q2 2023,Nvidia,Amazon,A100,2022-01-01,2023-06-30,51271.0,78990,124757.0,16166.0,24906,39337.0,20.509,31.596,49.903,615256347.0,947883322.0,1497083455.0,,,Based on Nvidia fiscal quarters. Generated on 2026-09-24 17:33
Amazon Nvidia H100/H200 cumulative Q1 2022 through Q2 2023,Nvidia,Amazon,H100/H200,2022-01-01,2023-06-30,18852.0,25449,33539.0,18852.0,25449,33539.0,13.196,17.814,23.477,471290797.0,636223665.0,838471993.0,,,Based on Nvidia fiscal quarters. Generated on 2026-09-24 17:33
China Nvidia A100 cumulative Q1 2022 through Q2 2023,Nvidia,China,A100,2022-01-01,2023-06-30,47101.0,72697,112744.0,14851.0,22922,35549.0,18.84,29.079,45.098,565211140.0,872366290.0,1352930638.0,,,Based on Nvidia fiscal quarters. Generated on 2026-09-24 17:33
China Nvidia A800 cumulative Q1 2022 through Q2 2023,Nvidia,China,A800,2022-01-01,2023-06-30,64116.0,83826,108737.0,20217.0,26431,34286.0,25.647,33.53,43.495,769395287.0,1005911980.0,1304841079.0,,,Based on Nvidia fiscal quarters. Generated on 2026-09-24 17:33
China Nvidia H800 cumulative Q1 2022 through Q2 2023,Nvidia,China,H800,2022-01-01,2023-06-30,31671.0,39258,48855.0,31671.0,39258,48855.0,22.17,27.481,34.199,950122346.0,1177745552.0,1465658902.0,,,Based on Nvidia fiscal quarters. Generated on 2026-09-24 17:33
CoreWeave Nvidia H100/H200 cumulative Q1 2023 through Q2 2023,Nvidia,CoreWeave,H100/H200,2023-01-01,2023-06-30,12112.0,12112,12112.0,12112.0,12112,12112.0,8.4784,8.4784,8.4784,302800000.0,302800000.0,302800000.0,,,Generated on 2026-04-22 12:04 Converted from the percentile-only CSVs in owners_csv_export/coreweave/.
Google Nvidia A100 cumulative Q1 2022 through Q2 2023,Nvidia,Google,A100,2022-01-01,2023-06-30,51037.0,79024,123514.0,16092.0,24917,38945.0,20.415,31.609,49.405,612439975.0,948282694.0,1482162502.0,,,Based on Nvidia fiscal quarters. Generated on 2026-09-24 17:33
Google Nvidia H100/H200 cumulative Q1 2022 through Q2 2023,Nvidia,Google,H100/H200,2022-01-01,2023-06-30,19010.0,25356,33816.0,19010.0,25356,33816.0,13.307,17.749,23.671,475240927.0,633890794.0,845405087.0,,,Based on Nvidia fiscal quarters. Generated on 2026-09-24 17:33
Meta Nvidia A100 cumulative Q1 2022 through Q2 2023,Nvidia,Meta,A100,2022-01-01,2023-06-30,69556.0,108797,172030.0,21932.0,34305,54243.0,27.822,43.519,68.812,834667509.0,1305561282.0,2064361391.0,,,Based on Nvidia fiscal quarters. Generated on 2026-09-24 17:33
Meta Nvidia H100/H200 cumulative Q1 2022 through Q2 2023,Nvidia,Meta,H100/H200,2022-01-01,2023-06-30,25987.0,34884,46980.0,25987.0,34884,46980.0,18.191,24.419,32.886,649664999.0,872110485.0,1174498801.0,,,Based on Nvidia fiscal quarters. Generated on 2026-09-24 17:33
Microsoft Nvidia A100 cumulative Q1 2022 through Q2 2023,Nvidia,Microsoft,A100,2022-01-01,2023-06-30,133001.0,207773,326708.0,41937.0,65513,103014.0,53.201,83.109,130.683,1596015560.0,2493279880.0,3920490481.0,,,Based on Nvidia fiscal quarters. Generated on 2026-09-24 17:33
Microsoft Nvidia H100/H200 cumulative Q1 2022 through Q2 2023,Nvidia,Microsoft,H100/H200,2022-01-01,2023-06-30,49599.0,66320,89761.0,49599.0,66320,89761.0,34.719,46.424,62.833,1239972413.0,1657989670.0,2244022315.0,,,Based on Nvidia fiscal quarters. Generated on 2026-09-24 17:33
Oracle Nvidia A100 cumulative Q1 2022 through Q2 2023,Nvidia,Oracle,A100,2022-01-01,2023-06-30,13732.0,25704,47560.0,4330.0,8105,14996.0,5.493,10.281,19.024,164787302.0,308442060.0,570723830.0,,,Based on Nvidia fiscal quarters. Generated on 2026-09-24 17:33
Oracle Nvidia H100/H200 cumulative Q1 2022 through Q2 2023,Nvidia,Oracle,H100/H200,2022-01-01,2023-06-30,6777.0,10972,17834.0,6777.0,10972,17834.0,4.744,7.681,12.484,169433954.0,274303775.0,445857834.0,,,Based on Nvidia fiscal quarters. Generated on 2026-09-24 17:33
Other Nvidia A100 cumulative Q1 2022 through Q2 2023,Nvidia,Other,A100,2022-01-01,2023-06-30,180216.0,283507,439327.0,57797.0,90924,140897.0,72.086635,113.402895,175.73099,2162592000.0,3402084000.0,5271924000.0,,,"Excludes Microsoft, Meta, Amazon, Google, Oracle, China, xAI, CoreWeave. Generated on 2026-04-22 11:57 Converted from the percentile-only CSVs in owners_csv_export/."
Other Nvidia H100/H200 cumulative Q1 2022 through Q2 2023,Nvidia,Other,H100/H200,2022-01-01,2023-06-30,44095.0,64949,95143.0,44851.0,66062,96773.0,30.867002,45.464928,66.600299,1102375000.0,1623725000.0,2378575000.0,,,"Excludes Microsoft, Meta, Amazon, Google, Oracle, China, xAI, CoreWeave. Generated on 2026-04-22 11:57 Converted from the percentile-only CSVs in owners_csv_export/."
Amazon Nvidia A100 cumulative Q1 2022 through Q3 2023,Nvidia,Amazon,A100,2022-01-01,2023-09-30,55521.0,84804,132496.0,17506.0,26740,41778.0,22.208,33.922,52.999,666250914.0,1017647601.0,1589957660.0,,,Based on Nvidia fiscal quarters. Generated on 2026-09-24 17:33
Amazon Nvidia H100/H200 cumulative Q1 2022 through Q3 2023,Nvidia,Amazon,H100/H200,2022-01-01,2023-09-30,38842.0,52460,69126.0,38842.0,52460,69126.0,27.189,36.722,48.388,971043679.0,1311488999.0,1728145524.0,,,Based on Nvidia fiscal quarters. Generated on 2026-09-24 17:33
China Nvidia A100 cumulative Q1 2022 through Q3 2023,Nvidia,China,A100,2022-01-01,2023-09-30,47101.0,72697,112744.0,14851.0,22922,35549.0,18.84,29.079,45.098,565211140.0,872366290.0,1352930638.0,,,Based on Nvidia fiscal quarters. Generated on 2026-09-24 17:33
China Nvidia A800 cumulative Q1 2022 through Q3 2023,Nvidia,China,A800,2022-01-01,2023-09-30,85919.0,112331,145713.0,27091.0,35419,45945.0,34.368,44.932,58.285,1031029510.0,1347974122.0,1748554588.0,,,Based on Nvidia fiscal quarters. Generated on 2026-09-24 17:33
China Nvidia H800 cumulative Q1 2022 through Q3 2023,Nvidia,China,H800,2022-01-01,2023-09-30,77117.0,95592,118961.0,77117.0,95592,118961.0,53.982,66.914,83.272,2313509414.0,2867762696.0,3568820038.0,,,Based on Nvidia fiscal quarters. Generated on 2026-09-24 17:33
CoreWeave Nvidia H100/H200 cumulative Q1 2023 through Q3 2023,Nvidia,CoreWeave,H100/H200,2023-01-01,2023-09-30,24312.0,24312,24312.0,24312.0,24312,24312.0,17.0184,17.0184,17.0184,607800000.0,607800000.0,607800000.0,,,Generated on 2026-04-22 12:04 Converted from the percentile-only CSVs in owners_csv_export/coreweave/.
Google Nvidia A100 cumulative Q1 2022 through Q3 2023,Nvidia,Google,A100,2022-01-01,2023-09-30,55119.0,84841,131316.0,17380.0,26751,41405.0,22.048,33.936,52.526,661433298.0,1018089620.0,1575792347.0,,,Based on Nvidia fiscal quarters. Generated on 2026-09-24 17:33
Google Nvidia H100/H200 cumulative Q1 2022 through Q3 2023,Nvidia,Google,H100/H200,2022-01-01,2023-09-30,39410.0,52387,69948.0,39410.0,52387,69948.0,27.587,36.671,48.964,985247135.0,1309684363.0,1748700709.0,,,Based on Nvidia fiscal quarters. Generated on 2026-09-24 17:33
Meta Nvidia A100 cumulative Q1 2022 through Q3 2023,Nvidia,Meta,A100,2022-01-01,2023-09-30,75372.0,116793,182859.0,23766.0,36826,57657.0,30.149,46.717,73.144,904469687.0,1401518115.0,2194311142.0,,,Based on Nvidia fiscal quarters. Generated on 2026-09-24 17:33
Meta Nvidia H100/H200 cumulative Q1 2022 through Q3 2023,Nvidia,Meta,H100/H200,2022-01-01,2023-09-30,53963.0,71982,95904.0,53963.0,71982,95904.0,37.774,50.387,67.133,1349086217.0,1799543961.0,2397590859.0,,,Based on Nvidia fiscal quarters. Generated on 2026-09-24 17:33
Microsoft Nvidia A100 cumulative Q1 2022 through Q3 2023,Nvidia,Microsoft,A100,2022-01-01,2023-09-30,144175.0,222883,347660.0,45460.0,70277,109621.0,57.67,89.153,139.064,1730095865.0,2674590999.0,4171923630.0,,,Based on Nvidia fiscal quarters. Generated on 2026-09-24 17:33
Microsoft Nvidia H100/H200 cumulative Q1 2022 through Q3 2023,Nvidia,Microsoft,H100/H200,2022-01-01,2023-09-30,103022.0,137133,183188.0,103022.0,137133,183188.0,72.115,95.993,128.232,2575541009.0,3428328163.0,4579710664.0,,,Based on Nvidia fiscal quarters. Generated on 2026-09-24 17:33
Oracle Nvidia A100 cumulative Q1 2022 through Q3 2023,Nvidia,Oracle,A100,2022-01-01,2023-09-30,15330.0,28188,51664.0,4834.0,8888,16290.0,6.132,11.275,20.666,183958014.0,338254498.0,619971384.0,,,Based on Nvidia fiscal quarters. Generated on 2026-09-24 17:33
Oracle Nvidia H100/H200 cumulative Q1 2022 through Q3 2023,Nvidia,Oracle,H100/H200,2022-01-01,2023-09-30,14256.0,22760,36630.0,14256.0,22760,36630.0,9.979,15.932,25.641,356392510.0,569007965.0,915753123.0,,,Based on Nvidia fiscal quarters. Generated on 2026-09-24 17:33
Other Nvidia A100 cumulative Q1 2022 through Q3 2023,Nvidia,Other,A100,2022-01-01,2023-09-30,192772.0,300661,471721.0,61813.0,96409,151261.0,77.108902,120.264593,188.688696,2313264000.0,3607932000.0,5660652000.0,,,"Excludes Microsoft, Meta, Amazon, Google, Oracle, China, xAI, CoreWeave. Generated on 2026-04-22 11:57 Converted from the percentile-only CSVs in owners_csv_export/."
Other Nvidia H100/H200 cumulative Q1 2022 through Q3 2023,Nvidia,Other,H100/H200,2022-01-01,2023-09-30,90150.0,134105,195362.0,91679.0,136379,198674.0,63.105587,93.873941,136.753434,2253750000.0,3352625000.0,4884050000.0,,,"Excludes Microsoft, Meta, Amazon, Google, Oracle, China, xAI, CoreWeave. Generated on 2026-04-22 11:57 Converted from the percentile-only CSVs in owners_csv_export/."
Amazon Nvidia A100 cumulative Q1 2022 through Q4 2023,Nvidia,Amazon,A100,2022-01-01,2023-12-31,56669.0,86410,134708.0,17868.0,27246,42475.0,22.668,34.564,53.883,680032761.0,1036921205.0,1616492586.0,,,Based on Nvidia fiscal quarters. Generated on 2026-09-24 17:33
Amazon Nvidia H100/H200 cumulative Q1 2022 through Q4 2023,Nvidia,Amazon,H100/H200,2022-01-01,2023-12-31,66862.0,89882,118316.0,66862.0,89882,118316.0,46.804,62.918,82.821,1671560222.0,2247061090.0,2957906115.0,,,Based on Nvidia fiscal quarters. Generated on 2026-09-24 17:33
China Nvidia A100 cumulative Q1 2022 through Q4 2023,Nvidia,China,A100,2022-01-01,2023-12-31,47101.0,72697,112744.0,14851.0,22922,35549.0,18.84,29.079,45.098,565211140.0,872366290.0,1352930638.0,,,Based on Nvidia fiscal quarters. Generated on 2026-09-24 17:33
China Nvidia A800 cumulative Q1 2022 through Q4 2023,Nvidia,China,A800,2022-01-01,2023-12-31,92872.0,121421,157504.0,29283.0,38285,49663.0,37.149,48.568,63.002,1114461381.0,1457053446.0,1890049258.0,,,Based on Nvidia fiscal quarters. Generated on 2026-09-24 17:33
China Nvidia H800 cumulative Q1 2022 through Q4 2023,Nvidia,China,H800,2022-01-01,2023-12-31,93121.0,115431,143649.0,93121.0,115431,143649.0,65.185,80.801,100.554,2793637866.0,3462916731.0,4309466274.0,,,Based on Nvidia fiscal quarters. Generated on 2026-09-24 17:33
CoreWeave Nvidia H100/H200 cumulative Q1 2023 through Q4 2023,Nvidia,CoreWeave,H100/H200,2023-01-01,2023-12-31,44157.0,44157,44157.0,44157.0,44157,44157.0,30.9099,30.9099,30.9099,1103925000.0,1103925000.0,1103925000.0,,,Generated on 2026-04-22 12:04 Converted from the percentile-only CSVs in owners_csv_export/coreweave/.
Google Nvidia A100 cumulative Q1 2022 through Q4 2023,Nvidia,Google,A100,2022-01-01,2023-12-31,56222.0,86456,133584.0,17727.0,27260,42120.0,22.489,34.582,53.434,674663998.0,1037467189.0,1603007456.0,,,Based on Nvidia fiscal quarters. Generated on 2026-09-24 17:33
Google Nvidia H100/H200 cumulative Q1 2022 through Q4 2023,Nvidia,Google,H100/H200,2022-01-01,2023-12-31,67130.0,89769,119425.0,67130.0,89769,119425.0,46.991,62.838,83.597,1678245827.0,2244215292.0,2985622561.0,,,Based on Nvidia fiscal quarters. Generated on 2026-09-24 17:33
Meta Nvidia A100 cumulative Q1 2022 through Q4 2023,Nvidia,Meta,A100,2022-01-01,2023-12-31,77063.0,118947,185923.0,24299.0,37505,58623.0,30.825,47.579,74.369,924750557.0,1427366127.0,2231074337.0,,,Based on Nvidia fiscal quarters. Generated on 2026-09-24 17:33
Meta Nvidia H100/H200 cumulative Q1 2022 through Q4 2023,Nvidia,Meta,H100/H200,2022-01-01,2023-12-31,92978.0,123566,163743.0,92978.0,123566,163743.0,65.085,86.496,114.62,2324452472.0,3089144780.0,4093572212.0,,,Based on Nvidia fiscal quarters. Generated on 2026-09-24 17:33
Microsoft Nvidia A100 cumulative Q1 2022 through Q4 2023,Nvidia,Microsoft,A100,2022-01-01,2023-12-31,147063.0,227035,353206.0,46371.0,71587,111370.0,58.825,90.814,141.283,1764761667.0,2724419663.0,4238475324.0,,,Based on Nvidia fiscal quarters. Generated on 2026-09-24 17:33
Microsoft Nvidia H100/H200 cumulative Q1 2022 through Q4 2023,Nvidia,Microsoft,H100/H200,2022-01-01,2023-12-31,176657.0,235327,311284.0,176657.0,235327,311284.0,123.66,164.729,217.899,4416427231.0,5883172502.0,7782109809.0,,,Based on Nvidia fiscal quarters. Generated on 2026-09-24 17:33
Oracle Nvidia A100 cumulative Q1 2022 through Q4 2023,Nvidia,Oracle,A100,2022-01-01,2023-12-31,15789.0,28904,52829.0,4978.0,9114,16658.0,6.316,11.562,21.132,189468987.0,346849178.0,633948006.0,,,Based on Nvidia fiscal quarters. Generated on 2026-09-24 17:33
Oracle Nvidia H100/H200 cumulative Q1 2022 through Q4 2023,Nvidia,Oracle,H100/H200,2022-01-01,2023-12-31,29541.0,45413,69858.0,29541.0,45413,69858.0,20.679,31.789,48.901,738533278.0,1135321847.0,1746454334.0,,,Based on Nvidia fiscal quarters. Generated on 2026-09-24 17:33
Other Nvidia A100 cumulative Q1 2022 through Q4 2023,Nvidia,Other,A100,2022-01-01,2023-12-31,194188.0,305599,476021.0,62228.0,97931,152543.0,77.675448,122.239962,190.40841,2330256000.0,3667188000.0,5712252000.0,,,"Excludes Microsoft, Meta, Amazon, Google, Oracle, China, xAI, CoreWeave. Generated on 2026-04-22 11:57 Converted from the percentile-only CSVs in owners_csv_export/."
Other Nvidia H100/H200 cumulative Q1 2022 through Q4 2023,Nvidia,Other,H100/H200,2022-01-01,2023-12-31,206810.0,285268,391333.0,210184.0,289923,397717.0,144.767405,199.688239,273.933131,5170250000.0,7131700000.0,9783325000.0,,,"Excludes Microsoft, Meta, Amazon, Google, Oracle, China, xAI, CoreWeave. Generated on 2026-04-22 11:57 Converted from the percentile-only CSVs in owners_csv_export/."
Amazon Nvidia A100 cumulative Q1 2022 through Q1 2024,Nvidia,Amazon,A100,2022-01-01,2024-03-31,56669.0,86410,134708.0,17868.0,27246,42475.0,22.668,34.564,53.883,680032761.0,1036921205.0,1616492586.0,,,Based on Nvidia fiscal quarters. Generated on 2026-09-24 17:33
Amazon Nvidia H100/H200 cumulative Q1 2022 through Q1 2024,Nvidia,Amazon,H100/H200,2022-01-01,2024-03-31,105271.0,141426,185318.0,105271.0,141426,185318.0,73.69,98.998,129.723,2631770669.0,3535637516.0,4632946684.0,,,Based on Nvidia fiscal quarters. Generated on 2026-09-24 17:33
China Nvidia A100 cumulative Q1 2022 through Q1 2024,Nvidia,China,A100,2022-01-01,2024-03-31,47101.0,72697,112744.0,14851.0,22922,35549.0,18.84,29.079,45.098,565211140.0,872366290.0,1352930638.0,,,Based on Nvidia fiscal quarters. Generated on 2026-09-24 17:33
China Nvidia A800 cumulative Q1 2022 through Q1 2024,Nvidia,China,A800,2022-01-01,2024-03-31,92872.0,121421,157504.0,29283.0,38285,49663.0,37.149,48.568,63.002,1114461381.0,1457053446.0,1890049258.0,,,Based on Nvidia fiscal quarters. Generated on 2026-09-24 17:33
China Nvidia H20 cumulative Q1 2022 through Q1 2024,Nvidia,China,H20,2022-01-01,2024-03-31,106730.0,138720,180461.0,15964.0,20748,26992.0,42.692,55.488,72.184,1280760482.0,1664635459.0,2165534032.0,,,Based on Nvidia fiscal quarters. Generated on 2026-09-24 17:33
China Nvidia H800 cumulative Q1 2022 through Q1 2024,Nvidia,China,H800,2022-01-01,2024-03-31,93121.0,115431,143649.0,93121.0,115431,143649.0,65.185,80.801,100.554,2793637866.0,3462916731.0,4309466274.0,,,Based on Nvidia fiscal quarters. Generated on 2026-09-24 17:33
CoreWeave Nvidia H100/H200 cumulative Q1 2023 through Q1 2024,Nvidia,CoreWeave,H100/H200,2023-01-01,2024-03-31,60979.0,71468,86873.0,60979.0,71468,86873.0,42.6853,50.0276,60.8111,1524475000.0,1786700000.0,2171825000.0,,,Generated on 2026-04-22 12:04 Converted from the percentile-only CSVs in owners_csv_export/coreweave/.
Google Nvidia A100 cumulative Q1 2022 through Q1 2024,Nvidia,Google,A100,2022-01-01,2024-03-31,56222.0,86456,133584.0,17727.0,27260,42120.0,22.489,34.582,53.434,674663998.0,1037467189.0,1603007456.0,,,Based on Nvidia fiscal quarters. Generated on 2026-09-24 17:33
Google Nvidia H100/H200 cumulative Q1 2022 through Q1 2024,Nvidia,Google,H100/H200,2022-01-01,2024-03-31,106088.0,141015,187667.0,106088.0,141015,187667.0,74.262,98.711,131.367,2652204786.0,3525379888.0,4691668594.0,,,Based on Nvidia fiscal quarters. Generated on 2026-09-24 17:33
Meta Nvidia A100 cumulative Q1 2022 through Q1 2024,Nvidia,Meta,A100,2022-01-01,2024-03-31,77063.0,118947,185923.0,24299.0,37505,58623.0,30.825,47.579,74.369,924750557.0,1427366127.0,2231074337.0,,,Based on Nvidia fiscal quarters. Generated on 2026-09-24 17:33
Meta Nvidia H100/H200 cumulative Q1 2022 through Q1 2024,Nvidia,Meta,H100/H200,2022-01-01,2024-03-31,146773.0,194998,257307.0,146773.0,194998,257307.0,102.741,136.499,180.115,3669326453.0,4874958321.0,6432670667.0,,,Based on Nvidia fiscal quarters. Generated on 2026-09-24 17:33
Microsoft Nvidia A100 cumulative Q1 2022 through Q1 2024,Nvidia,Microsoft,A100,2022-01-01,2024-03-31,147063.0,227035,353206.0,46371.0,71587,111370.0,58.825,90.814,141.283,1764761667.0,2724419663.0,4238475324.0,,,Based on Nvidia fiscal quarters. Generated on 2026-09-24 17:33
Microsoft Nvidia H100/H200 cumulative Q1 2022 through Q1 2024,Nvidia,Microsoft,H100/H200,2022-01-01,2024-03-31,277904.0,368963,491324.0,277904.0,368963,491324.0,194.533,258.274,343.926,6947601245.0,9224080007.0,12283088554.0,,,Based on Nvidia fiscal quarters. Generated on 2026-09-24 17:33
Oracle Nvidia A100 cumulative Q1 2022 through Q1 2024,Nvidia,Oracle,A100,2022-01-01,2024-03-31,15789.0,28904,52829.0,4978.0,9114,16658.0,6.316,11.562,21.132,189468987.0,346849178.0,633948006.0,,,Based on Nvidia fiscal quarters. Generated on 2026-09-24 17:33
Oracle Nvidia H100/H200 cumulative Q1 2022 through Q1 2024,Nvidia,Oracle,H100/H200,2022-01-01,2024-03-31,53201.0,79269,118882.0,53201.0,79269,118882.0,37.241,55.488,83.218,1330029304.0,1981724564.0,2972055499.0,,,Based on Nvidia fiscal quarters. Generated on 2026-09-24 17:33
Other Nvidia A100 cumulative Q1 2022 through Q1 2024,Nvidia,Other,A100,2022-01-01,2024-03-31,193732.0,302993,473418.0,61849.0,96731,151140.0,77.493161,121.197579,189.367261,2324784000.0,3635916000.0,5681016000.0,,,"Excludes Microsoft, Meta, Amazon, Google, Oracle, China, xAI, CoreWeave. Generated on 2026-04-22 11:57 Converted from the percentile-only CSVs in owners_csv_export/."
Other Nvidia H100/H200 cumulative Q1 2022 through Q1 2024,Nvidia,Other,H100/H200,2022-01-01,2024-03-31,332493.0,455749,622127.0,336650.0,461447,629906.0,232.745171,319.024318,435.489452,8312325000.0,11393725000.0,15553175000.0,,,"Excludes Microsoft, Meta, Amazon, Google, Oracle, China, xAI, CoreWeave. Generated on 2026-04-22 11:57 Converted from the percentile-only CSVs in owners_csv_export/."
Amazon Nvidia A100 cumulative Q1 2022 through Q2 2024,Nvidia,Amazon,A100,2022-01-01,2024-06-30,56669.0,86410,134708.0,17868.0,27246,42475.0,22.668,34.564,53.883,680032761.0,1036921205.0,1616492586.0,,,Based on Nvidia fiscal quarters. Generated on 2026-09-24 17:33
Amazon Nvidia H100/H200 cumulative Q1 2022 through Q2 2024,Nvidia,Amazon,H100/H200,2022-01-01,2024-06-30,153253.0,204667,266839.0,153253.0,204667,266839.0,107.277,143.267,186.787,3831336963.0,5116673918.0,6670972957.0,,,Based on Nvidia fiscal quarters. Generated on 2026-09-24 17:33
China Nvidia A100 cumulative Q1 2022 through Q2 2024,Nvidia,China,A100,2022-01-01,2024-06-30,47101.0,72697,112744.0,14851.0,22922,35549.0,18.84,29.079,45.098,565211140.0,872366290.0,1352930638.0,,,Based on Nvidia fiscal quarters. Generated on 2026-09-24 17:33
China Nvidia A800 cumulative Q1 2022 through Q2 2024,Nvidia,China,A800,2022-01-01,2024-06-30,92872.0,121421,157504.0,29283.0,38285,49663.0,37.149,48.568,63.002,1114461381.0,1457053446.0,1890049258.0,,,Based on Nvidia fiscal quarters. Generated on 2026-09-24 17:33
China Nvidia H20 cumulative Q1 2022 through Q2 2024,Nvidia,China,H20,2022-01-01,2024-06-30,278355.0,361784,470647.0,41634.0,54112,70395.0,111.342,144.714,188.259,3340254962.0,4341410379.0,5647766226.0,,,Based on Nvidia fiscal quarters. Generated on 2026-09-24 17:33
China Nvidia H800 cumulative Q1 2022 through Q2 2024,Nvidia,China,H800,2022-01-01,2024-06-30,93121.0,115431,143649.0,93121.0,115431,143649.0,65.185,80.801,100.554,2793637866.0,3462916731.0,4309466274.0,,,Based on Nvidia fiscal quarters. Generated on 2026-09-24 17:33
CoreWeave Nvidia H100/H200 cumulative Q1 2023 through Q2 2024,Nvidia,CoreWeave,H100/H200,2023-01-01,2024-06-30,96239.0,111466,128969.0,96239.0,111466,128969.0,67.3673,78.0262,90.2783,2405975000.0,2786650000.0,3224225000.0,,,Generated on 2026-04-22 12:04 Converted from the percentile-only CSVs in owners_csv_export/coreweave/.
Google Nvidia A100 cumulative Q1 2022 through Q2 2024,Nvidia,Google,A100,2022-01-01,2024-06-30,56222.0,86456,133584.0,17727.0,27260,42120.0,22.489,34.582,53.434,674663998.0,1037467189.0,1603007456.0,,,Based on Nvidia fiscal quarters. Generated on 2026-09-24 17:33
Google Nvidia H100/H200 cumulative Q1 2022 through Q2 2024,Nvidia,Google,H100/H200,2022-01-01,2024-06-30,153863.0,203878,268980.0,153863.0,203878,268980.0,107.704,142.715,188.286,3846575925.0,5096955325.0,6724499535.0,,,Based on Nvidia fiscal quarters. Generated on 2026-09-24 17:33
Meta Nvidia A100 cumulative Q1 2022 through Q2 2024,Nvidia,Meta,A100,2022-01-01,2024-06-30,77063.0,118947,185923.0,24299.0,37505,58623.0,30.825,47.579,74.369,924750557.0,1427366127.0,2231074337.0,,,Based on Nvidia fiscal quarters. Generated on 2026-09-24 17:33
Meta Nvidia H100/H200 cumulative Q1 2022 through Q2 2024,Nvidia,Meta,H100/H200,2022-01-01,2024-06-30,211424.0,281570,371366.0,211424.0,281570,371366.0,147.997,197.099,259.956,5285606847.0,7039245554.0,9284142494.0,,,Based on Nvidia fiscal quarters. Generated on 2026-09-24 17:33
Microsoft Nvidia A100 cumulative Q1 2022 through Q2 2024,Nvidia,Microsoft,A100,2022-01-01,2024-06-30,147063.0,227035,353206.0,46371.0,71587,111370.0,58.825,90.814,141.283,1764761667.0,2724419663.0,4238475324.0,,,Based on Nvidia fiscal quarters. Generated on 2026-09-24 17:33
Microsoft Nvidia H100/H200 cumulative Q1 2022 through Q2 2024,Nvidia,Microsoft,H100/H200,2022-01-01,2024-06-30,404248.0,534139,705665.0,404248.0,534139,705665.0,282.974,373.897,493.965,10106199340.0,13353480442.0,17641624485.0,,,Based on Nvidia fiscal quarters. Generated on 2026-09-24 17:33
Oracle Nvidia A100 cumulative Q1 2022 through Q2 2024,Nvidia,Oracle,A100,2022-01-01,2024-06-30,15789.0,28904,52829.0,4978.0,9114,16658.0,6.316,11.562,21.132,189468987.0,346849178.0,633948006.0,,,Based on Nvidia fiscal quarters. Generated on 2026-09-24 17:33
Oracle Nvidia H100/H200 cumulative Q1 2022 through Q2 2024,Nvidia,Oracle,H100/H200,2022-01-01,2024-06-30,82503.0,121095,178971.0,82503.0,121095,178971.0,57.752,84.766,125.279,2062566863.0,3027373390.0,4474267771.0,,,Based on Nvidia fiscal quarters. Generated on 2026-09-24 17:33
Other Nvidia A100 cumulative Q1 2022 through Q2 2024,Nvidia,Other,A100,2022-01-01,2024-06-30,193102.0,306027,479725.0,60800.0,96356,151048.0,77.240842,122.410818,191.890364,2317224000.0,3672324000.0,5756700000.0,,,"Excludes Microsoft, Meta, Amazon, Google, Oracle, China, xAI, CoreWeave. Generated on 2026-04-22 11:57 Converted from the percentile-only CSVs in owners_csv_export/."
Other Nvidia H100/H200 cumulative Q1 2022 through Q2 2024,Nvidia,Other,H100/H200,2022-01-01,2024-06-30,453082.0,639496,877865.0,452440.0,638591,876622.0,317.157767,447.647635,614.505883,11327050000.0,15987400000.0,21946625000.0,,,"Excludes Microsoft, Meta, Amazon, Google, Oracle, China, xAI, CoreWeave. Generated on 2026-04-22 11:57 Converted from the percentile-only CSVs in owners_csv_export/."
Amazon Nvidia A100 cumulative Q1 2022 through Q3 2024,Nvidia,Amazon,A100,2022-01-01,2024-09-30,56669.0,86410,134708.0,17868.0,27246,42475.0,22.668,34.564,53.883,680032761.0,1036921205.0,1616492586.0,,,Based on Nvidia fiscal quarters. Generated on 2026-09-24 17:33
Amazon Nvidia H100/H200 cumulative Q1 2022 through Q3 2024,Nvidia,Amazon,H100/H200,2022-01-01,2024-09-30,211673.0,281626,366323.0,211673.0,281626,366323.0,148.171,197.138,256.426,5291833069.0,7040655956.0,9158073107.0,,,Based on Nvidia fiscal quarters. Generated on 2026-09-24 17:33
China Nvidia A100 cumulative Q1 2022 through Q3 2024,Nvidia,China,A100,2022-01-01,2024-09-30,47101.0,72697,112744.0,14851.0,22922,35549.0,18.84,29.079,45.098,565211140.0,872366290.0,1352930638.0,,,Based on Nvidia fiscal quarters. Generated on 2026-09-24 17:33
China Nvidia A800 cumulative Q1 2022 through Q3 2024,Nvidia,China,A800,2022-01-01,2024-09-30,92872.0,121421,157504.0,29283.0,38285,49663.0,37.149,48.568,63.002,1114461381.0,1457053446.0,1890049258.0,,,Based on Nvidia fiscal quarters. Generated on 2026-09-24 17:33
China Nvidia H20 cumulative Q1 2022 through Q3 2024,Nvidia,China,H20,2022-01-01,2024-09-30,487820.0,634031,824815.0,72963.0,94832,123368.0,195.128,253.613,329.926,5853838389.0,7608375716.0,9897780596.0,,,Based on Nvidia fiscal quarters. Generated on 2026-09-24 17:33
China Nvidia H800 cumulative Q1 2022 through Q3 2024,Nvidia,China,H800,2022-01-01,2024-09-30,93121.0,115431,143649.0,93121.0,115431,143649.0,65.185,80.801,100.554,2793637866.0,3462916731.0,4309466274.0,,,Based on Nvidia fiscal quarters. Generated on 2026-09-24 17:33
CoreWeave Nvidia H100/H200 cumulative Q1 2023 through Q3 2024,Nvidia,CoreWeave,H100/H200,2023-01-01,2024-09-30,149559.0,166849,182703.0,149559.0,166849,182703.0,104.6913,116.7943,127.8921,3738975000.0,4171225000.0,4567575000.0,,,Generated on 2026-04-22 12:04 Converted from the percentile-only CSVs in owners_csv_export/coreweave/.
Google Nvidia A100 cumulative Q1 2022 through Q3 2024,Nvidia,Google,A100,2022-01-01,2024-09-30,56222.0,86456,133584.0,17727.0,27260,42120.0,22.489,34.582,53.434,674663998.0,1037467189.0,1603007456.0,,,Based on Nvidia fiscal quarters. Generated on 2026-09-24 17:33
Google Nvidia H100/H200 cumulative Q1 2022 through Q3 2024,Nvidia,Google,H100/H200,2022-01-01,2024-09-30,212887.0,280549,368332.0,212887.0,280549,368332.0,149.021,196.384,257.832,5322177766.0,7013715568.0,9208293340.0,,,Based on Nvidia fiscal quarters. Generated on 2026-09-24 17:33
Meta Nvidia A100 cumulative Q1 2022 through Q3 2024,Nvidia,Meta,A100,2022-01-01,2024-09-30,77063.0,118947,185923.0,24299.0,37505,58623.0,30.825,47.579,74.369,924750557.0,1427366127.0,2231074337.0,,,Based on Nvidia fiscal quarters. Generated on 2026-09-24 17:33
Meta Nvidia H100/H200 cumulative Q1 2022 through Q3 2024,Nvidia,Meta,H100/H200,2022-01-01,2024-09-30,291247.0,386911,508623.0,291247.0,386911,508623.0,203.873,270.838,356.036,7281180192.0,9672785049.0,12715585563.0,,,Based on Nvidia fiscal quarters. Generated on 2026-09-24 17:33
Microsoft Nvidia A100 cumulative Q1 2022 through Q3 2024,Nvidia,Microsoft,A100,2022-01-01,2024-09-30,147063.0,227035,353206.0,46371.0,71587,111370.0,58.825,90.814,141.283,1764761667.0,2724419663.0,4238475324.0,,,Based on Nvidia fiscal quarters. Generated on 2026-09-24 17:33
Microsoft Nvidia H100/H200 cumulative Q1 2022 through Q3 2024,Nvidia,Microsoft,H100/H200,2022-01-01,2024-09-30,557648.0,733776,973836.0,557648.0,733776,973836.0,390.354,513.643,681.685,13941204264.0,18344403348.0,24345896668.0,,,Based on Nvidia fiscal quarters. Generated on 2026-09-24 17:33
Oracle Nvidia A100 cumulative Q1 2022 through Q3 2024,Nvidia,Oracle,A100,2022-01-01,2024-09-30,15789.0,28904,52829.0,4978.0,9114,16658.0,6.316,11.562,21.132,189468987.0,346849178.0,633948006.0,,,Based on Nvidia fiscal quarters. Generated on 2026-09-24 17:33
Oracle Nvidia H100/H200 cumulative Q1 2022 through Q3 2024,Nvidia,Oracle,H100/H200,2022-01-01,2024-09-30,118171.0,172549,251481.0,118171.0,172549,251481.0,82.72,120.784,176.037,2954275430.0,4313722661.0,6287023380.0,,,Based on Nvidia fiscal quarters. Generated on 2026-09-24 17:33
Other Nvidia A100 cumulative Q1 2022 through Q3 2024,Nvidia,Other,A100,2022-01-01,2024-09-30,198067.0,301855,477152.0,70114.0,106855,168908.0,79.227092,120.742231,190.86089,2376804000.0,3622260000.0,5725824000.0,,,"Excludes Microsoft, Meta, Amazon, Google, Oracle, China, xAI, CoreWeave. Generated on 2026-04-22 11:57 Converted from the percentile-only CSVs in owners_csv_export/."
Other Nvidia H100/H200 cumulative Q1 2022 through Q3 2024,Nvidia,Other,H100/H200,2022-01-01,2024-09-30,505333.0,755414,1063933.0,567328.0,848090,1194459.0,353.73318,528.790425,744.753286,12633325000.0,18885350000.0,26598325000.0,,,"Excludes Microsoft, Meta, Amazon, Google, Oracle, China, xAI, CoreWeave. Generated on 2026-04-22 11:57 Converted from the percentile-only CSVs in owners_csv_export/."
xAI Nvidia H100/H200 cumulative Q1 2024 through Q3 2024,Nvidia,xAI,H100/H200,2024-01-01,2024-09-30,,100000,,,100000,,,70.0,,,2500000000.0,,,https://epoch.ai/data/data-centers/satellite-explorer/xAIColossus1,"100k H100s online at Colossus 1 as of Sep 2 2024, per company disclosure."
Amazon Nvidia A100 cumulative Q1 2022 through Q4 2024,Nvidia,Amazon,A100,2022-01-01,2024-12-31,56669.0,86410,134708.0,17868.0,27246,42475.0,22.668,34.564,53.883,680032761.0,1036921205.0,1616492586.0,,,Based on Nvidia fiscal quarters. Generated on 2026-09-24 17:33
Amazon Nvidia B200 cumulative Q1 2022 through Q4 2024,Nvidia,Amazon,B200,2022-01-01,2024-12-31,19316.0,26574,37026.0,48802.0,67139,93548.0,23.179,31.888,44.432,714691101.0,983222662.0,1369975207.0,,,Based on Nvidia fiscal quarters. Generated on 2026-09-24 17:33
Amazon Nvidia H100/H200 cumulative Q1 2022 through Q4 2024,Nvidia,Amazon,H100/H200,2022-01-01,2024-12-31,275275.0,363038,472568.0,275275.0,363038,472568.0,192.693,254.126,330.798,6881875190.0,9075941720.0,11814200822.0,,,Based on Nvidia fiscal quarters. Generated on 2026-09-24 17:33
China Nvidia A100 cumulative Q1 2022 through Q4 2024,Nvidia,China,A100,2022-01-01,2024-12-31,47101.0,72697,112744.0,14851.0,22922,35549.0,18.84,29.079,45.098,565211140.0,872366290.0,1352930638.0,,,Based on Nvidia fiscal quarters. Generated on 2026-09-24 17:33
China Nvidia A800 cumulative Q1 2022 through Q4 2024,Nvidia,China,A800,2022-01-01,2024-12-31,92872.0,121421,157504.0,29283.0,38285,49663.0,37.149,48.568,63.002,1114461381.0,1457053446.0,1890049258.0,,,Based on Nvidia fiscal quarters. Generated on 2026-09-24 17:33
China Nvidia H20 cumulative Q1 2022 through Q4 2024,Nvidia,China,H20,2022-01-01,2024-12-31,737396.0,958412,1246803.0,110293.0,143350,186485.0,294.958,383.365,498.721,8848752756.0,11500938548.0,14961638415.0,,,Based on Nvidia fiscal quarters. Generated on 2026-09-24 17:33
China Nvidia H800 cumulative Q1 2022 through Q4 2024,Nvidia,China,H800,2022-01-01,2024-12-31,93121.0,115431,143649.0,93121.0,115431,143649.0,65.185,80.801,100.554,2793637866.0,3462916731.0,4309466274.0,,,Based on Nvidia fiscal quarters. Generated on 2026-09-24 17:33
CoreWeave Nvidia H100/H200 cumulative Q1 2023 through Q4 2024,Nvidia,CoreWeave,H100/H200,2023-01-01,2024-12-31,241168.0,241168,241168.0,241168.0,241168,241168.0,168.8176,168.8176,168.8176,6029200000.0,6029200000.0,6029200000.0,,,Generated on 2026-04-22 12:04 Converted from the percentile-only CSVs in owners_csv_export/coreweave/.
Google Nvidia A100 cumulative Q1 2022 through Q4 2024,Nvidia,Google,A100,2022-01-01,2024-12-31,56222.0,86456,133584.0,17727.0,27260,42120.0,22.489,34.582,53.434,674663998.0,1037467189.0,1603007456.0,,,Based on Nvidia fiscal quarters. Generated on 2026-09-24 17:33
Google Nvidia B200 cumulative Q1 2022 through Q4 2024,Nvidia,Google,B200,2022-01-01,2024-12-31,15636.0,21704,30105.0,39504.0,54835,76060.0,18.763,26.044,36.126,578519139.0,803032715.0,1113871222.0,,,Based on Nvidia fiscal quarters. Generated on 2026-09-24 17:33
Google Nvidia H100/H200 cumulative Q1 2022 through Q4 2024,Nvidia,Google,H100/H200,2022-01-01,2024-12-31,267158.0,351180,461583.0,267158.0,351180,461583.0,187.011,245.826,323.108,6678961085.0,8779505270.0,11539583190.0,,,Based on Nvidia fiscal quarters. Generated on 2026-09-24 17:33
Meta Nvidia A100 cumulative Q1 2022 through Q4 2024,Nvidia,Meta,A100,2022-01-01,2024-12-31,77063.0,118947,185923.0,24299.0,37505,58623.0,30.825,47.579,74.369,924750557.0,1427366127.0,2231074337.0,,,Based on Nvidia fiscal quarters. Generated on 2026-09-24 17:33
Meta Nvidia B200 cumulative Q1 2022 through Q4 2024,Nvidia,Meta,B200,2022-01-01,2024-12-31,22696.0,31289,43657.0,57342.0,79052,110301.0,27.235,37.546,52.389,839755624.0,1157679753.0,1615314401.0,,,Based on Nvidia fiscal quarters. Generated on 2026-09-24 17:33
Meta Nvidia H100/H200 cumulative Q1 2022 through Q4 2024,Nvidia,Meta,H100/H200,2022-01-01,2024-12-31,369212.0,488451,639016.0,369212.0,488451,639016.0,258.449,341.916,447.311,9230310318.0,12211280732.0,15975399701.0,,,Based on Nvidia fiscal quarters. Generated on 2026-09-24 17:33
Microsoft Nvidia A100 cumulative Q1 2022 through Q4 2024,Nvidia,Microsoft,A100,2022-01-01,2024-12-31,147063.0,227035,353206.0,46371.0,71587,111370.0,58.825,90.814,141.283,1764761667.0,2724419663.0,4238475324.0,,,Based on Nvidia fiscal quarters. Generated on 2026-09-24 17:33
Microsoft Nvidia B200 cumulative Q1 2022 through Q4 2024,Nvidia,Microsoft,B200,2022-01-01,2024-12-31,40085.0,55416,77639.0,101276.0,140011,196158.0,48.102,66.5,93.167,1483150376.0,2050408666.0,2872652033.0,,,Based on Nvidia fiscal quarters. Generated on 2026-09-24 17:33
Microsoft Nvidia H100/H200 cumulative Q1 2022 through Q4 2024,Nvidia,Microsoft,H100/H200,2022-01-01,2024-12-31,697821.0,917003,1218295.0,697821.0,917003,1218295.0,488.475,641.902,852.807,17445535156.0,22925068737.0,30457383032.0,,,Based on Nvidia fiscal quarters. Generated on 2026-09-24 17:33
Oracle Nvidia A100 cumulative Q1 2022 through Q4 2024,Nvidia,Oracle,A100,2022-01-01,2024-12-31,15789.0,28904,52829.0,4978.0,9114,16658.0,6.316,11.562,21.132,189468987.0,346849178.0,633948006.0,,,Based on Nvidia fiscal quarters. Generated on 2026-09-24 17:33
Oracle Nvidia B200 cumulative Q1 2022 through Q4 2024,Nvidia,Oracle,B200,2022-01-01,2024-12-31,10399.0,14938,21141.0,26273.0,37740,53413.0,12.479,17.925,25.369,384759207.0,552691568.0,782217051.0,,,Based on Nvidia fiscal quarters. Generated on 2026-09-24 17:33
Oracle Nvidia H100/H200 cumulative Q1 2022 through Q4 2024,Nvidia,Oracle,H100/H200,2022-01-01,2024-12-31,153552.0,221174,315800.0,153552.0,221174,315800.0,107.486,154.822,221.06,3838789658.0,5529341066.0,7894987934.0,,,Based on Nvidia fiscal quarters. Generated on 2026-09-24 17:33
Other Nvidia A100 cumulative Q1 2022 through Q4 2024,Nvidia,Other,A100,2022-01-01,2024-12-31,193995.0,303857,480981.0,61539.0,96389,152576.0,77.598094,121.542872,192.39258,2327940000.0,3646284000.0,5771772000.0,,,"Excludes Microsoft, Meta, Amazon, Google, Oracle, China, xAI, CoreWeave. Generated on 2026-04-22 11:57 Converted from the percentile-only CSVs in owners_csv_export/."
Other Nvidia B200 cumulative Q1 2022 through Q4 2024,Nvidia,Other,B200,2022-01-01,2024-12-31,25191.0,42381,72149.0,64031.0,107727,183391.0,30.229483,50.858173,86.57947,932067000.0,1568097000.0,2669513000.0,,,"Excludes Microsoft, Meta, Amazon, Google, Oracle, China, xAI, CoreWeave. Generated on 2026-04-22 11:57 Converted from the percentile-only CSVs in owners_csv_export/."
Other Nvidia H100/H200 cumulative Q1 2022 through Q4 2024,Nvidia,Other,H100/H200,2022-01-01,2024-12-31,576712.0,867382,1268938.0,580204.0,872634,1276620.0,403.698826,607.168085,888.256826,14417800000.0,21684550000.0,31723450000.0,,,"Excludes Microsoft, Meta, Amazon, Google, Oracle, China, xAI, CoreWeave. Generated on 2026-04-22 11:57 Converted from the percentile-only CSVs in owners_csv_export/."
xAI Nvidia H100/H200 cumulative Q1 2024 through Q4 2024,Nvidia,xAI,H100/H200,2024-01-01,2024-12-31,,100000,,,100000,,,70.0,,,2500000000.0,,,https://epoch.ai/data/data-centers/satellite-explorer/xAIColossus1,100k H100s online at Colossus 1 as of Sep 2 2024
Amazon Nvidia A100 cumulative Q1 2022 through Q1 2025,Nvidia,Amazon,A100,2022-01-01,2025-03-31,56669.0,86410,134708.0,17868.0,27246,42475.0,22.668,34.564,53.883,680032761.0,1036921205.0,1616492586.0,,,Based on Nvidia fiscal quarters. Generated on 2026-09-24 17:33
Amazon Nvidia B200 cumulative Q1 2022 through Q1 2025,Nvidia,Amazon,B200,2022-01-01,2025-03-31,71527.0,95701,128987.0,180716.0,241792,325890.0,85.833,114.842,154.785,2646508381.0,3540947763.0,4772530703.0,,,Based on Nvidia fiscal quarters. Generated on 2026-09-24 17:33
Amazon Nvidia H100/H200 cumulative Q1 2022 through Q1 2025,Nvidia,Amazon,H100/H200,2022-01-01,2025-03-31,308300.0,407225,529479.0,308300.0,407225,529479.0,215.81,285.057,370.635,7707501631.0,10180624253.0,13236969141.0,,,Based on Nvidia fiscal quarters. Generated on 2026-09-24 17:33
China Nvidia A100 cumulative Q1 2022 through Q1 2025,Nvidia,China,A100,2022-01-01,2025-03-31,47101.0,72697,112744.0,14851.0,22922,35549.0,18.84,29.079,45.098,565211140.0,872366290.0,1352930638.0,,,Based on Nvidia fiscal quarters. Generated on 2026-09-24 17:33
China Nvidia A800 cumulative Q1 2022 through Q1 2025,Nvidia,China,A800,2022-01-01,2025-03-31,92872.0,121421,157504.0,29283.0,38285,49663.0,37.149,48.568,63.002,1114461381.0,1457053446.0,1890049258.0,,,Based on Nvidia fiscal quarters. Generated on 2026-09-24 17:33
China Nvidia H20 cumulative Q1 2022 through Q1 2025,Nvidia,China,H20,2022-01-01,2025-03-31,1015668.0,1320089,1717311.0,151914.0,197446,256859.0,406.267,528.036,686.925,12188020587.0,15841065930.0,20607735583.0,,,Based on Nvidia fiscal quarters. Generated on 2026-09-24 17:33
China Nvidia H800 cumulative Q1 2022 through Q1 2025,Nvidia,China,H800,2022-01-01,2025-03-31,93121.0,115431,143649.0,93121.0,115431,143649.0,65.185,80.801,100.554,2793637866.0,3462916731.0,4309466274.0,,,Based on Nvidia fiscal quarters. Generated on 2026-09-24 17:33
CoreWeave Nvidia B200 cumulative Q1 2023 through Q1 2025,Nvidia,CoreWeave,B200,2023-01-01,2025-03-31,7134.0,8401,9767.0,18024.0,21225,24676.0,8.5608,10.0812,11.7204,263958000.0,310837000.0,361379000.0,,,Generated on 2026-04-22 12:04 Converted from the percentile-only CSVs in owners_csv_export/coreweave/.
CoreWeave Nvidia H100/H200 cumulative Q1 2023 through Q1 2025,Nvidia,CoreWeave,H100/H200,2023-01-01,2025-03-31,267367.0,269530,271489.0,267367.0,269530,271489.0,187.1569,188.671,190.0423,6684175000.0,6738250000.0,6787225000.0,,,Generated on 2026-04-22 12:04 Converted from the percentile-only CSVs in owners_csv_export/coreweave/.
Google Nvidia A100 cumulative Q1 2022 through Q1 2025,Nvidia,Google,A100,2022-01-01,2025-03-31,56222.0,86456,133584.0,17727.0,27260,42120.0,22.489,34.582,53.434,674663998.0,1037467189.0,1603007456.0,,,Based on Nvidia fiscal quarters. Generated on 2026-09-24 17:33
Google Nvidia B200 cumulative Q1 2022 through Q1 2025,Nvidia,Google,B200,2022-01-01,2025-03-31,57748.0,78360,104796.0,145901.0,197979,264770.0,69.297,94.032,125.755,2136663253.0,2899318865.0,3877453019.0,,,Based on Nvidia fiscal quarters. Generated on 2026-09-24 17:33
Google Nvidia H100/H200 cumulative Q1 2022 through Q1 2025,Nvidia,Google,H100/H200,2022-01-01,2025-03-31,294408.0,386733,507857.0,294408.0,386733,507857.0,206.086,270.713,355.5,7360210710.0,9668316466.0,12696435697.0,,,Based on Nvidia fiscal quarters. Generated on 2026-09-24 17:33
Meta Nvidia A100 cumulative Q1 2022 through Q1 2025,Nvidia,Meta,A100,2022-01-01,2025-03-31,77063.0,118947,185923.0,24299.0,37505,58623.0,30.825,47.579,74.369,924750557.0,1427366127.0,2231074337.0,,,Based on Nvidia fiscal quarters. Generated on 2026-09-24 17:33
Meta Nvidia B200 cumulative Q1 2022 through Q1 2025,Nvidia,Meta,B200,2022-01-01,2025-03-31,84176.0,112904,152384.0,212672.0,285254,385002.0,101.011,135.484,182.861,3114501848.0,4177437945.0,5638202013.0,,,Based on Nvidia fiscal quarters. Generated on 2026-09-24 17:33
Meta Nvidia H100/H200 cumulative Q1 2022 through Q1 2025,Nvidia,Meta,H100/H200,2022-01-01,2025-03-31,409820.0,539963,705679.0,409820.0,539963,705679.0,286.874,377.974,493.975,10245508067.0,13499069105.0,17641962931.0,,,Based on Nvidia fiscal quarters. Generated on 2026-09-24 17:33
Microsoft Nvidia A100 cumulative Q1 2022 through Q1 2025,Nvidia,Microsoft,A100,2022-01-01,2025-03-31,147063.0,227035,353206.0,46371.0,71587,111370.0,58.825,90.814,141.283,1764761667.0,2724419663.0,4238475324.0,,,Based on Nvidia fiscal quarters. Generated on 2026-09-24 17:33
Microsoft Nvidia B200 cumulative Q1 2022 through Q1 2025,Nvidia,Microsoft,B200,2022-01-01,2025-03-31,141006.0,189646,254861.0,356255.0,479145,643914.0,169.207,227.575,305.833,5217206581.0,7016893951.0,9429862804.0,,,Based on Nvidia fiscal quarters. Generated on 2026-09-24 17:33
Microsoft Nvidia H100/H200 cumulative Q1 2022 through Q1 2025,Nvidia,Microsoft,H100/H200,2022-01-01,2025-03-31,764638.0,1003645,1329335.0,764638.0,1003645,1329335.0,535.246,702.551,930.534,19115938315.0,25091115127.0,33233372385.0,,,Based on Nvidia fiscal quarters. Generated on 2026-09-24 17:33
Oracle Nvidia A100 cumulative Q1 2022 through Q1 2025,Nvidia,Oracle,A100,2022-01-01,2025-03-31,15789.0,28904,52829.0,4978.0,9114,16658.0,6.316,11.562,21.132,189468987.0,346849178.0,633948006.0,,,Based on Nvidia fiscal quarters. Generated on 2026-09-24 17:33
Oracle Nvidia B200 cumulative Q1 2022 through Q1 2025,Nvidia,Oracle,B200,2022-01-01,2025-03-31,46754.0,64311,88320.0,118126.0,162484,223142.0,56.105,77.173,105.983,1729901638.0,2379510168.0,3267823045.0,,,Based on Nvidia fiscal quarters. Generated on 2026-09-24 17:33
Oracle Nvidia H100/H200 cumulative Q1 2022 through Q1 2025,Nvidia,Oracle,H100/H200,2022-01-01,2025-03-31,175152.0,249449,352837.0,175152.0,249449,352837.0,122.607,174.615,246.986,4378806794.0,6236235995.0,8820925251.0,,,Based on Nvidia fiscal quarters. Generated on 2026-09-24 17:33
Other Nvidia A100 cumulative Q1 2022 through Q1 2025,Nvidia,Other,A100,2022-01-01,2025-03-31,195789.0,303447,479589.0,62185.0,96380,152325.0,78.315661,121.379136,191.835994,2349468000.0,3641364000.0,5755068000.0,,,"Excludes Microsoft, Meta, Amazon, Google, Oracle, China, xAI, CoreWeave. Generated on 2026-04-22 11:57 Converted from the percentile-only CSVs in owners_csv_export/."
Other Nvidia B200 cumulative Q1 2022 through Q1 2025,Nvidia,Other,B200,2022-01-01,2025-03-31,93263.0,149528,241650.0,237356.0,380551,615001.0,111.916243,179.434436,289.980387,3450731000.0,5532536000.0,8941050000.0,,,"Excludes Microsoft, Meta, Amazon, Google, Oracle, China, xAI, CoreWeave. Generated on 2026-04-22 11:57 Converted from the percentile-only CSVs in owners_csv_export/."
Other Nvidia H100/H200 cumulative Q1 2022 through Q1 2025,Nvidia,Other,H100/H200,2022-01-01,2025-03-31,498271.0,816773,1249525.0,501915.0,822746,1258663.0,348.789907,571.741129,874.667701,12456775000.0,20419325000.0,31238125000.0,,,"Excludes Microsoft, Meta, Amazon, Google, Oracle, China, xAI, CoreWeave. Generated on 2026-04-22 11:57 Converted from the percentile-only CSVs in owners_csv_export/."
xAI Nvidia H100/H200 cumulative Q1 2024 through Q1 2025,Nvidia,xAI,H100/H200,2024-01-01,2025-03-31,,200000,,,200000,,,140.0,,,5000000000.0,,,https://epoch.ai/data/data-centers/satellite-explorer/xAIColossus1,150k H100s and 50k H200s
Amazon Nvidia A100 cumulative Q1 2022 through Q2 2025,Nvidia,Amazon,A100,2022-01-01,2025-06-30,56669.0,86410,134708.0,17868.0,27246,42475.0,22.668,34.564,53.883,680032761.0,1036921205.0,1616492586.0,,,Based on Nvidia fiscal quarters. Generated on 2026-09-24 17:33
Amazon Nvidia B200 cumulative Q1 2022 through Q2 2025,Nvidia,Amazon,B200,2022-01-01,2025-06-30,112435.0,149579,200029.0,284070.0,377915,505380.0,134.922,179.495,240.035,4160096732.0,5534421276.0,7401086640.0,,,Based on Nvidia fiscal quarters. Generated on 2026-09-24 17:33
Amazon Nvidia B300 cumulative Q1 2022 through Q2 2025,Nvidia,Amazon,B300,2022-01-01,2025-06-30,18163.0,25143,34870.0,45890.0,63524,88099.0,25.429,35.2,48.817,781026860.0,1081136907.0,1499394561.0,,,Based on Nvidia fiscal quarters. Generated on 2026-09-24 17:33
Amazon Nvidia H100/H200 cumulative Q1 2022 through Q2 2025,Nvidia,Amazon,H100/H200,2022-01-01,2025-06-30,329781.0,435023,564749.0,329781.0,435023,564749.0,230.847,304.516,395.324,8244522852.0,10875570925.0,14118716900.0,,,Based on Nvidia fiscal quarters. Generated on 2026-09-24 17:33
China Nvidia A100 cumulative Q1 2022 through Q2 2025,Nvidia,China,A100,2022-01-01,2025-06-30,47101.0,72697,112744.0,14851.0,22922,35549.0,18.84,29.079,45.098,565211140.0,872366290.0,1352930638.0,,,Based on Nvidia fiscal quarters. Generated on 2026-09-24 17:33
China Nvidia A800 cumulative Q1 2022 through Q2 2025,Nvidia,China,A800,2022-01-01,2025-06-30,92872.0,121421,157504.0,29283.0,38285,49663.0,37.149,48.568,63.002,1114461381.0,1457053446.0,1890049258.0,,,Based on Nvidia fiscal quarters. Generated on 2026-09-24 17:33
China Nvidia H20 cumulative Q1 2022 through Q2 2025,Nvidia,China,H20,2022-01-01,2025-06-30,1133149.0,1472782,1915950.0,169486.0,220285,286570.0,453.26,589.113,766.38,13597791423.0,17673379274.0,22991402759.0,,,Based on Nvidia fiscal quarters. Generated on 2026-09-24 17:33
China Nvidia H800 cumulative Q1 2022 through Q2 2025,Nvidia,China,H800,2022-01-01,2025-06-30,93121.0,115431,143649.0,93121.0,115431,143649.0,65.185,80.801,100.554,2793637866.0,3462916731.0,4309466274.0,,,Based on Nvidia fiscal quarters. Generated on 2026-09-24 17:33
CoreWeave Nvidia B200 cumulative Q1 2023 through Q2 2025,Nvidia,CoreWeave,B200,2023-01-01,2025-06-30,22376.0,24510,26729.0,56533.0,61925,67531.0,26.8512,29.412,32.0748,827912000.0,906870000.0,988973000.0,,,Generated on 2026-04-22 12:04 Converted from the percentile-only CSVs in owners_csv_export/coreweave/.
CoreWeave Nvidia H100/H200 cumulative Q1 2023 through Q2 2025,Nvidia,CoreWeave,H100/H200,2023-01-01,2025-06-30,276793.0,279690,282639.0,276793.0,279690,282639.0,193.7551,195.783,197.8473,6919825000.0,6992250000.0,7065975000.0,,,Generated on 2026-04-22 12:04 Converted from the percentile-only CSVs in owners_csv_export/coreweave/.
Google Nvidia A100 cumulative Q1 2022 through Q2 2025,Nvidia,Google,A100,2022-01-01,2025-06-30,56222.0,86456,133584.0,17727.0,27260,42120.0,22.489,34.582,53.434,674663998.0,1037467189.0,1603007456.0,,,Based on Nvidia fiscal quarters. Generated on 2026-09-24 17:33
Google Nvidia B200 cumulative Q1 2022 through Q2 2025,Nvidia,Google,B200,2022-01-01,2025-06-30,91558.0,122561,162691.0,231324.0,309653,411043.0,109.869,147.073,195.229,3387641657.0,4534749901.0,6019561011.0,,,Based on Nvidia fiscal quarters. Generated on 2026-09-24 17:33
Google Nvidia B300 cumulative Q1 2022 through Q2 2025,Nvidia,Google,B300,2022-01-01,2025-06-30,14782.0,20740,28585.0,37348.0,52400,72221.0,20.695,29.036,40.019,635640984.0,891825027.0,1229150230.0,,,Based on Nvidia fiscal quarters. Generated on 2026-09-24 17:33
Google Nvidia H100/H200 cumulative Q1 2022 through Q2 2025,Nvidia,Google,H100/H200,2022-01-01,2025-06-30,311781.0,409792,537981.0,311781.0,409792,537981.0,218.247,286.854,376.587,7794525005.0,10244789048.0,13449532848.0,,,Based on Nvidia fiscal quarters. Generated on 2026-09-24 17:33
Meta Nvidia A100 cumulative Q1 2022 through Q2 2025,Nvidia,Meta,A100,2022-01-01,2025-06-30,77063.0,118947,185923.0,24299.0,37505,58623.0,30.825,47.579,74.369,924750557.0,1427366127.0,2231074337.0,,,Based on Nvidia fiscal quarters. Generated on 2026-09-24 17:33
Meta Nvidia B200 cumulative Q1 2022 through Q2 2025,Nvidia,Meta,B200,2022-01-01,2025-06-30,132539.0,176637,236082.0,334862.0,446278,596468.0,159.046,211.964,283.298,4903924527.0,6535560276.0,8735029282.0,,,Based on Nvidia fiscal quarters. Generated on 2026-09-24 17:33
Meta Nvidia B300 cumulative Q1 2022 through Q2 2025,Nvidia,Meta,B300,2022-01-01,2025-06-30,21544.0,29806,41489.0,54433.0,75305,104822.0,30.162,41.728,58.084,926412291.0,1281643674.0,1784012868.0,,,Based on Nvidia fiscal quarters. Generated on 2026-09-24 17:33
Meta Nvidia H100/H200 cumulative Q1 2022 through Q2 2025,Nvidia,Meta,H100/H200,2022-01-01,2025-06-30,435201.0,573324,748725.0,435201.0,573324,748725.0,304.641,401.327,524.107,10880034792.0,14333110730.0,18718124876.0,,,Based on Nvidia fiscal quarters. Generated on 2026-09-24 17:33
Microsoft Nvidia A100 cumulative Q1 2022 through Q2 2025,Nvidia,Microsoft,A100,2022-01-01,2025-06-30,147063.0,227035,353206.0,46371.0,71587,111370.0,58.825,90.814,141.283,1764761667.0,2724419663.0,4238475324.0,,,Based on Nvidia fiscal quarters. Generated on 2026-09-24 17:33
Microsoft Nvidia B200 cumulative Q1 2022 through Q2 2025,Nvidia,Microsoft,B200,2022-01-01,2025-06-30,221753.0,295327,393956.0,560265.0,746153,995342.0,266.103,354.393,472.748,8204855865.0,10927106831.0,14576384366.0,,,Based on Nvidia fiscal quarters. Generated on 2026-09-24 17:33
Microsoft Nvidia B300 cumulative Q1 2022 through Q2 2025,Nvidia,Microsoft,B300,2022-01-01,2025-06-30,36299.0,50464,70617.0,91709.0,127498,178417.0,50.818,70.649,98.864,1560839339.0,2169937228.0,3036543492.0,,,Based on Nvidia fiscal quarters. Generated on 2026-09-24 17:33
Microsoft Nvidia H100/H200 cumulative Q1 2022 through Q2 2025,Nvidia,Microsoft,H100/H200,2022-01-01,2025-06-30,807559.0,1059443,1399949.0,807559.0,1059443,1399949.0,565.291,741.61,979.964,20188973600.0,26486078245.0,34998726520.0,,,Based on Nvidia fiscal quarters. Generated on 2026-09-24 17:33
Oracle Nvidia A100 cumulative Q1 2022 through Q2 2025,Nvidia,Oracle,A100,2022-01-01,2025-06-30,15789.0,28904,52829.0,4978.0,9114,16658.0,6.316,11.562,21.132,189468987.0,346849178.0,633948006.0,,,Based on Nvidia fiscal quarters. Generated on 2026-09-24 17:33
Oracle Nvidia B200 cumulative Q1 2022 through Q2 2025,Nvidia,Oracle,B200,2022-01-01,2025-06-30,77014.0,105417,144250.0,194579.0,266338,364451.0,92.417,126.5,173.1,2849527741.0,3900416863.0,5337236148.0,,,Based on Nvidia fiscal quarters. Generated on 2026-09-24 17:33
Oracle Nvidia B300 cumulative Q1 2022 through Q2 2025,Nvidia,Oracle,B300,2022-01-01,2025-06-30,13394.0,19510,28668.0,33841.0,49291,72431.0,18.752,27.313,40.135,575950856.0,838909736.0,1232732406.0,,,Based on Nvidia fiscal quarters. Generated on 2026-09-24 17:33
Oracle Nvidia H100/H200 cumulative Q1 2022 through Q2 2025,Nvidia,Oracle,H100/H200,2022-01-01,2025-06-30,191207.0,271240,380939.0,191207.0,271240,380939.0,133.845,189.868,266.658,4780166610.0,6781002913.0,9523484607.0,,,Based on Nvidia fiscal quarters. Generated on 2026-09-24 17:33
Other Nvidia A100 cumulative Q1 2022 through Q2 2025,Nvidia,Other,A100,2022-01-01,2025-06-30,194508.0,306969,478974.0,57681.0,91032,142040.0,77.803481,122.787852,191.589929,2334096000.0,3683628000.0,5747688000.0,,,"Excludes Microsoft, Meta, Amazon, Google, Oracle, China, xAI, CoreWeave. Generated on 2026-04-22 11:57 Converted from the percentile-only CSVs in owners_csv_export/."
Other Nvidia B200 cumulative Q1 2022 through Q2 2025,Nvidia,Other,B200,2022-01-01,2025-06-30,158334.0,247715,381651.0,376236.0,588625,906886.0,190.000915,297.258363,457.981791,5858358000.0,9165455000.0,14121087000.0,,,"Excludes Microsoft, Meta, Amazon, Google, Oracle, China, xAI, CoreWeave. Generated on 2026-04-22 11:57 Converted from the percentile-only CSVs in owners_csv_export/."
Other Nvidia B300 cumulative Q1 2022 through Q2 2025,Nvidia,Other,B300,2022-01-01,2025-06-30,43545.0,63075,90611.0,103473.0,149881,215311.0,60.963601,88.30576,126.855459,1872435000.0,2712225000.0,3896273000.0,,,"Excludes Microsoft, Meta, Amazon, Google, Oracle, China, xAI, CoreWeave. Generated on 2026-04-22 11:57 Converted from the percentile-only CSVs in owners_csv_export/."
Other Nvidia H100/H200 cumulative Q1 2022 through Q2 2025,Nvidia,Other,H100/H200,2022-01-01,2025-06-30,528379.0,873779,1337442.0,496944.0,821794,1257872.0,369.865959,611.64552,936.209522,13209475000.0,21844475000.0,33436050000.0,,,"Excludes Microsoft, Meta, Amazon, Google, Oracle, China, xAI, CoreWeave. Generated on 2026-04-22 11:57 Converted from the percentile-only CSVs in owners_csv_export/."
xAI Nvidia H100/H200 cumulative Q1 2024 through Q2 2025,Nvidia,xAI,H100/H200,2024-01-01,2025-06-30,,200000,,,200000,,,140.0,,,5000000000.0,,,https://epoch.ai/data/data-centers/satellite-explorer/xAIColossus1,150k H100s and 50k H200s
Amazon Nvidia A100 cumulative Q1 2022 through Q3 2025,Nvidia,Amazon,A100,2022-01-01,2025-09-30,56669.0,86410,134708.0,17868.0,27246,42475.0,22.668,34.564,53.883,680032761.0,1036921205.0,1616492586.0,,,Based on Nvidia fiscal quarters. Generated on 2026-09-24 17:33
Amazon Nvidia B200 cumulative Q1 2022 through Q3 2025,Nvidia,Amazon,B200,2022-01-01,2025-09-30,141825.0,187230,249152.0,358325.0,473043,629490.0,170.19,224.677,298.983,5247533082.0,6927526821.0,9218629234.0,,,Based on Nvidia fiscal quarters. Generated on 2026-09-24 17:33
Amazon Nvidia B300 cumulative Q1 2022 through Q3 2025,Nvidia,Amazon,B300,2022-01-01,2025-09-30,61527.0,82994,112387.0,155450.0,209687,283950.0,86.138,116.192,157.342,2645663317.0,3568747093.0,4832653420.0,,,Based on Nvidia fiscal quarters. Generated on 2026-09-24 17:33
Amazon Nvidia H100/H200 cumulative Q1 2022 through Q3 2025,Nvidia,Amazon,H100/H200,2022-01-01,2025-09-30,340621.0,449303,582751.0,340621.0,449303,582751.0,238.435,314.512,407.926,8515528738.0,11232570332.0,14568779525.0,,,Based on Nvidia fiscal quarters. Generated on 2026-09-24 17:33
China Nvidia A100 cumulative Q1 2022 through Q3 2025,Nvidia,China,A100,2022-01-01,2025-09-30,47101.0,72697,112744.0,14851.0,22922,35549.0,18.84,29.079,45.098,565211140.0,872366290.0,1352930638.0,,,Based on Nvidia fiscal quarters. Generated on 2026-09-24 17:33
China Nvidia A800 cumulative Q1 2022 through Q3 2025,Nvidia,China,A800,2022-01-01,2025-09-30,92872.0,121421,157504.0,29283.0,38285,49663.0,37.149,48.568,63.002,1114461381.0,1457053446.0,1890049258.0,,,Based on Nvidia fiscal quarters. Generated on 2026-09-24 17:33
China Nvidia H20 cumulative Q1 2022 through Q3 2025,Nvidia,China,H20,2022-01-01,2025-09-30,1146319.0,1489899,1938219.0,171456.0,222845,289900.0,458.528,595.96,775.287,13755832750.0,17878789418.0,23258622021.0,,,Based on Nvidia fiscal quarters. Generated on 2026-09-24 17:33
China Nvidia H800 cumulative Q1 2022 through Q3 2025,Nvidia,China,H800,2022-01-01,2025-09-30,93121.0,115431,143649.0,93121.0,115431,143649.0,65.185,80.801,100.554,2793637866.0,3462916731.0,4309466274.0,,,Based on Nvidia fiscal quarters. Generated on 2026-09-24 17:33
CoreWeave Nvidia B200 cumulative Q1 2023 through Q3 2025,Nvidia,CoreWeave,B200,2023-01-01,2025-09-30,45277.0,51572,60416.0,114392.0,130297,152641.0,54.3324,61.8864,72.4992,1675249000.0,1908164000.0,2235392000.0,,,Generated on 2026-04-22 12:04 Converted from the percentile-only CSVs in owners_csv_export/coreweave/.
CoreWeave Nvidia B300 cumulative Q1 2023 through Q3 2025,Nvidia,CoreWeave,B300,2023-01-01,2025-09-30,6339.0,18135,24949.0,16015.0,45818,63034.0,8.8746,25.389,34.9286,272577000.0,779805000.0,1072807000.0,,,Generated on 2026-04-22 12:04 Converted from the percentile-only CSVs in owners_csv_export/coreweave/.
CoreWeave Nvidia H100/H200 cumulative Q1 2023 through Q3 2025,Nvidia,CoreWeave,H100/H200,2023-01-01,2025-09-30,287808.0,293273,301327.0,287808.0,293273,301327.0,201.4656,205.2911,210.9289,7195200000.0,7331825000.0,7533175000.0,,,Generated on 2026-04-22 12:04 Converted from the percentile-only CSVs in owners_csv_export/coreweave/.
Google Nvidia A100 cumulative Q1 2022 through Q3 2025,Nvidia,Google,A100,2022-01-01,2025-09-30,56222.0,86456,133584.0,17727.0,27260,42120.0,22.489,34.582,53.434,674663998.0,1037467189.0,1603007456.0,,,Based on Nvidia fiscal quarters. Generated on 2026-09-24 17:33
Google Nvidia B200 cumulative Q1 2022 through Q3 2025,Nvidia,Google,B200,2022-01-01,2025-09-30,114947.0,153099,201829.0,290417.0,386810,509927.0,137.936,183.719,242.195,4253034449.0,5664673857.0,7467677602.0,,,Based on Nvidia fiscal quarters. Generated on 2026-09-24 17:33
Google Nvidia B300 cumulative Q1 2022 through Q3 2025,Nvidia,Google,B300,2022-01-01,2025-09-30,50251.0,67381,90333.0,126961.0,170240,228228.0,70.351,94.333,126.466,2160794589.0,2897378711.0,3884311972.0,,,Based on Nvidia fiscal quarters. Generated on 2026-09-24 17:33
Google Nvidia H100/H200 cumulative Q1 2022 through Q3 2025,Nvidia,Google,H100/H200,2022-01-01,2025-09-30,320800.0,421509,553378.0,320800.0,421509,553378.0,224.56,295.056,387.365,8019989698.0,10537720521.0,13834451512.0,,,Based on Nvidia fiscal quarters. Generated on 2026-09-24 17:33
Meta Nvidia A100 cumulative Q1 2022 through Q3 2025,Nvidia,Meta,A100,2022-01-01,2025-09-30,77063.0,118947,185923.0,24299.0,37505,58623.0,30.825,47.579,74.369,924750557.0,1427366127.0,2231074337.0,,,Based on Nvidia fiscal quarters. Generated on 2026-09-24 17:33
Meta Nvidia B200 cumulative Q1 2022 through Q3 2025,Nvidia,Meta,B200,2022-01-01,2025-09-30,170365.0,224764,297603.0,430431.0,567872,751902.0,204.437,269.717,357.124,6303489367.0,8316262478.0,11011309776.0,,,Based on Nvidia fiscal quarters. Generated on 2026-09-24 17:33
Meta Nvidia B300 cumulative Q1 2022 through Q3 2025,Nvidia,Meta,B300,2022-01-01,2025-09-30,77065.0,103861,141174.0,194708.0,262408,356680.0,107.891,145.406,197.644,3313810305.0,4466034709.0,6070485247.0,,,Based on Nvidia fiscal quarters. Generated on 2026-09-24 17:33
Meta Nvidia H100/H200 cumulative Q1 2022 through Q3 2025,Nvidia,Meta,H100/H200,2022-01-01,2025-09-30,448876.0,591275,770352.0,448876.0,591275,770352.0,314.213,413.893,539.246,11221888975.0,14781881635.0,19258801961.0,,,Based on Nvidia fiscal quarters. Generated on 2026-09-24 17:33
Microsoft Nvidia A100 cumulative Q1 2022 through Q3 2025,Nvidia,Microsoft,A100,2022-01-01,2025-09-30,147063.0,227035,353206.0,46371.0,71587,111370.0,58.825,90.814,141.283,1764761667.0,2724419663.0,4238475324.0,,,Based on Nvidia fiscal quarters. Generated on 2026-09-24 17:33
Microsoft Nvidia B200 cumulative Q1 2022 through Q3 2025,Nvidia,Microsoft,B200,2022-01-01,2025-09-30,282534.0,374250,494805.0,713829.0,945553,1250138.0,339.04,449.1,593.766,10453744685.0,13847249424.0,18307777568.0,,,Based on Nvidia fiscal quarters. Generated on 2026-09-24 17:33
Microsoft Nvidia B300 cumulative Q1 2022 through Q3 2025,Nvidia,Microsoft,B300,2022-01-01,2025-09-30,126890.0,171630,230908.0,320592.0,433629,583395.0,177.647,240.283,323.271,5456289697.0,7380108436.0,9929026500.0,,,Based on Nvidia fiscal quarters. Generated on 2026-09-24 17:33
Microsoft Nvidia H100/H200 cumulative Q1 2022 through Q3 2025,Nvidia,Microsoft,H100/H200,2022-01-01,2025-09-30,830244.0,1088659,1437884.0,830244.0,1088659,1437884.0,581.171,762.061,1006.519,20756092168.0,27216468045.0,35947104418.0,,,Based on Nvidia fiscal quarters. Generated on 2026-09-24 17:33
Oracle Nvidia A100 cumulative Q1 2022 through Q3 2025,Nvidia,Oracle,A100,2022-01-01,2025-09-30,15789.0,28904,52829.0,4978.0,9114,16658.0,6.316,11.562,21.132,189468987.0,346849178.0,633948006.0,,,Based on Nvidia fiscal quarters. Generated on 2026-09-24 17:33
Oracle Nvidia B200 cumulative Q1 2022 through Q3 2025,Nvidia,Oracle,B200,2022-01-01,2025-09-30,100061.0,135720,183366.0,252806.0,342900,463279.0,120.073,162.864,220.039,3702250019.0,5021632756.0,6784534908.0,,,Based on Nvidia fiscal quarters. Generated on 2026-09-24 17:33
Oracle Nvidia B300 cumulative Q1 2022 through Q3 2025,Nvidia,Oracle,B300,2022-01-01,2025-09-30,48163.0,66300,91976.0,121686.0,167508,232381.0,67.429,92.82,128.767,2071024775.0,2850893538.0,3954978125.0,,,Based on Nvidia fiscal quarters. Generated on 2026-09-24 17:33
Oracle Nvidia H100/H200 cumulative Q1 2022 through Q3 2025,Nvidia,Oracle,H100/H200,2022-01-01,2025-09-30,200001.0,282563,395110.0,200001.0,282563,395110.0,140.001,197.794,276.577,5000033091.0,7064067734.0,9877756504.0,,,Based on Nvidia fiscal quarters. Generated on 2026-09-24 17:33
Other Nvidia A100 cumulative Q1 2022 through Q3 2025,Nvidia,Other,A100,2022-01-01,2025-09-30,194855.0,307961,471170.0,65260.0,103141,157802.0,77.942277,123.184659,188.468095,2338260000.0,3695532000.0,5654040000.0,,,"Excludes Microsoft, Meta, Amazon, Google, Oracle, China, xAI, CoreWeave. Generated on 2026-04-22 11:57 Converted from the percentile-only CSVs in owners_csv_export/."
Other Nvidia B200 cumulative Q1 2022 through Q3 2025,Nvidia,Other,B200,2022-01-01,2025-09-30,84982.0,200836,372806.0,228059.0,538968,1000468.0,101.978847,241.003964,447.367592,3144334000.0,7430932000.0,13793822000.0,,,"Excludes Microsoft, Meta, Amazon, Google, Oracle, China, xAI, CoreWeave. Generated on 2026-04-22 11:57 Converted from the percentile-only CSVs in owners_csv_export/."
Other Nvidia B300 cumulative Q1 2022 through Q3 2025,Nvidia,Other,B300,2022-01-01,2025-09-30,173508.0,237971,325141.0,465629.0,638623,872554.0,242.911615,333.160094,455.197992,7460844000.0,10232753000.0,13981063000.0,,,"Excludes Microsoft, Meta, Amazon, Google, Oracle, China, xAI, CoreWeave. Generated on 2026-04-22 11:57 Converted from the percentile-only CSVs in owners_csv_export/."
Other Nvidia H100/H200 cumulative Q1 2022 through Q3 2025,Nvidia,Other,H100/H200,2022-01-01,2025-09-30,550654.0,894348,1357846.0,584891.0,949955,1442270.0,385.45814,626.044282,950.492284,13766350000.0,22358700000.0,33946150000.0,,,"Excludes Microsoft, Meta, Amazon, Google, Oracle, China, xAI, CoreWeave. Generated on 2026-04-22 11:57 Converted from the percentile-only CSVs in owners_csv_export/."
xAI Nvidia B200 cumulative Q1 2024 through Q3 2025,Nvidia,xAI,B200,2024-01-01,2025-09-30,,140000,,,350000,,,168.0,,,5180000000.0,,,https://epoch.ai/data/data-centers/satellite-explorer/xAIColossus2,30k B200 at Colossus 1 (Jul 22) + 110k B200 delivered to Colossus 2 by September
xAI Nvidia H100/H200 cumulative Q1 2024 through Q3 2025,Nvidia,xAI,H100/H200,2024-01-01,2025-09-30,,200000,,,200000,,,140.0,,,5000000000.0,,,https://epoch.ai/data/data-centers/satellite-explorer/xAIColossus1,No change from Q1 2025.
Amazon Nvidia A100 cumulative Q1 2022 through Q4 2025,Nvidia,Amazon,A100,2022-01-01,2025-12-31,56669.0,86410,134708.0,17868.0,27246,42475.0,22.668,34.564,53.883,680032761.0,1036921205.0,1616492586.0,,,Based on Nvidia fiscal quarters. Generated on 2026-09-24 17:33
Amazon Nvidia B200 cumulative Q1 2022 through Q4 2025,Nvidia,Amazon,B200,2022-01-01,2025-12-31,171015.0,224374,297876.0,432073.0,566887,752592.0,205.218,269.249,357.451,6327540399.0,8301835976.0,11021414757.0,,,Based on Nvidia fiscal quarters. Generated on 2026-09-24 17:33
Amazon Nvidia B300 cumulative Q1 2022 through Q4 2025,Nvidia,Amazon,B300,2022-01-01,2025-12-31,111708.0,149130,200190.0,282234.0,376781,505787.0,156.392,208.782,280.267,4803456042.0,6412587823.0,8608190020.0,,,Based on Nvidia fiscal quarters. Generated on 2026-09-24 17:33
Amazon Nvidia H100/H200 cumulative Q1 2022 through Q4 2025,Nvidia,Amazon,H100/H200,2022-01-01,2025-12-31,342471.0,451831,585637.0,342471.0,451831,585637.0,239.73,316.281,409.946,8561787398.0,11295765471.0,14640919298.0,,,Based on Nvidia fiscal quarters. Generated on 2026-09-24 17:33
China Nvidia A100 cumulative Q1 2022 through Q4 2025,Nvidia,China,A100,2022-01-01,2025-12-31,47101.0,72697,112744.0,14851.0,22922,35549.0,18.84,29.079,45.098,565211140.0,872366290.0,1352930638.0,,,Based on Nvidia fiscal quarters. Generated on 2026-09-24 17:33
China Nvidia A800 cumulative Q1 2022 through Q4 2025,Nvidia,China,A800,2022-01-01,2025-12-31,92872.0,121421,157504.0,29283.0,38285,49663.0,37.149,48.568,63.002,1114461381.0,1457053446.0,1890049258.0,,,Based on Nvidia fiscal quarters. Generated on 2026-09-24 17:33
China Nvidia H20 cumulative Q1 2022 through Q4 2025,Nvidia,China,H20,2022-01-01,2025-12-31,1146319.0,1489899,1938219.0,171456.0,222845,289900.0,458.528,595.96,775.287,13755832750.0,17878789418.0,23258622021.0,,,Based on Nvidia fiscal quarters. Generated on 2026-09-24 17:33
China Nvidia H800 cumulative Q1 2022 through Q4 2025,Nvidia,China,H800,2022-01-01,2025-12-31,93121.0,115431,143649.0,93121.0,115431,143649.0,65.185,80.801,100.554,2793637866.0,3462916731.0,4309466274.0,,,Based on Nvidia fiscal quarters. Generated on 2026-09-24 17:33
CoreWeave Nvidia B200 cumulative Q1 2023 through Q4 2025,Nvidia,CoreWeave,B200,2023-01-01,2025-12-31,92289.0,103901,117478.0,233168.0,262506,296808.0,110.7468,124.6812,140.9736,3414693000.0,3844337000.0,4346686000.0,,,Generated on 2026-04-22 12:04 Converted from the percentile-only CSVs in owners_csv_export/coreweave/.
CoreWeave Nvidia B300 cumulative Q1 2023 through Q4 2025,Nvidia,CoreWeave,B300,2023-01-01,2025-12-31,90716.0,105932,120650.0,229194.0,267637,304822.0,127.0024,148.3048,168.91,3900788000.0,4555076000.0,5187950000.0,,,Generated on 2026-04-22 12:04 Converted from the percentile-only CSVs in owners_csv_export/coreweave/.
CoreWeave Nvidia H100/H200 cumulative Q1 2023 through Q4 2025,Nvidia,CoreWeave,H100/H200,2023-01-01,2025-12-31,294397.0,301187,311084.0,294397.0,301187,311084.0,206.0779,210.8309,217.7588,7359925000.0,7529675000.0,7777100000.0,,,Generated on 2026-04-22 12:04 Converted from the percentile-only CSVs in owners_csv_export/coreweave/.
Google Nvidia A100 cumulative Q1 2022 through Q4 2025,Nvidia,Google,A100,2022-01-01,2025-12-31,56222.0,86456,133584.0,17727.0,27260,42120.0,22.489,34.582,53.434,674663998.0,1037467189.0,1603007456.0,,,Based on Nvidia fiscal quarters. Generated on 2026-09-24 17:33
Google Nvidia B200 cumulative Q1 2022 through Q4 2025,Nvidia,Google,B200,2022-01-01,2025-12-31,139603.0,184849,242643.0,352711.0,467026,613044.0,167.523,221.819,291.171,5165305438.0,6839411989.0,8977778391.0,,,Based on Nvidia fiscal quarters. Generated on 2026-09-24 17:33
Google Nvidia B300 cumulative Q1 2022 through Q4 2025,Nvidia,Google,B300,2022-01-01,2025-12-31,93355.0,123764,164918.0,235863.0,312694,416671.0,130.697,173.27,230.886,4014250645.0,5321868905.0,7091495439.0,,,Based on Nvidia fiscal quarters. Generated on 2026-09-24 17:33
Google Nvidia H100/H200 cumulative Q1 2022 through Q4 2025,Nvidia,Google,H100/H200,2022-01-01,2025-12-31,322332.0,423373,555799.0,322332.0,423373,555799.0,225.632,296.361,389.059,8058290017.0,10584320340.0,13894971667.0,,,Based on Nvidia fiscal quarters. Generated on 2026-09-24 17:33
Meta Nvidia A100 cumulative Q1 2022 through Q4 2025,Nvidia,Meta,A100,2022-01-01,2025-12-31,77063.0,118947,185923.0,24299.0,37505,58623.0,30.825,47.579,74.369,924750557.0,1427366127.0,2231074337.0,,,Based on Nvidia fiscal quarters. Generated on 2026-09-24 17:33
Meta Nvidia B200 cumulative Q1 2022 through Q4 2025,Nvidia,Meta,B200,2022-01-01,2025-12-31,211477.0,278492,367322.0,534303.0,703618,928048.0,253.773,334.191,440.786,7824653386.0,10304210874.0,13590897676.0,,,Based on Nvidia fiscal quarters. Generated on 2026-09-24 17:33
Meta Nvidia B300 cumulative Q1 2022 through Q4 2025,Nvidia,Meta,B300,2022-01-01,2025-12-31,149032.0,199617,269066.0,376532.0,504338,679802.0,208.644,279.464,376.692,6408356360.0,8583529086.0,11569829280.0,,,Based on Nvidia fiscal quarters. Generated on 2026-09-24 17:33
Meta Nvidia H100/H200 cumulative Q1 2022 through Q4 2025,Nvidia,Meta,H100/H200,2022-01-01,2025-12-31,451396.0,594470,774476.0,451396.0,594470,774476.0,315.978,416.129,542.133,11284911596.0,14861756546.0,19361908580.0,,,Based on Nvidia fiscal quarters. Generated on 2026-09-24 17:33
Microsoft Nvidia A100 cumulative Q1 2022 through Q4 2025,Nvidia,Microsoft,A100,2022-01-01,2025-12-31,147063.0,227035,353206.0,46371.0,71587,111370.0,58.825,90.814,141.283,1764761667.0,2724419663.0,4238475324.0,,,Based on Nvidia fiscal quarters. Generated on 2026-09-24 17:33
Microsoft Nvidia B200 cumulative Q1 2022 through Q4 2025,Nvidia,Microsoft,B200,2022-01-01,2025-12-31,348581.0,459482,605272.0,880700.0,1160893,1529236.0,418.297,551.378,726.326,12897504701.0,17000815584.0,22395045906.0,,,Based on Nvidia fiscal quarters. Generated on 2026-09-24 17:33
Microsoft Nvidia B300 cumulative Q1 2022 through Q4 2025,Nvidia,Microsoft,B300,2022-01-01,2025-12-31,243491.0,323881,430834.0,615186.0,818295,1088515.0,340.887,453.434,603.168,10470104926.0,13926891860.0,18525869724.0,,,Based on Nvidia fiscal quarters. Generated on 2026-09-24 17:33
Microsoft Nvidia H100/H200 cumulative Q1 2022 through Q4 2025,Nvidia,Microsoft,H100/H200,2022-01-01,2025-12-31,834492.0,1093460,1444564.0,834492.0,1093460,1444564.0,584.144,765.422,1011.195,20862301952.0,27336508691.0,36114098610.0,,,Based on Nvidia fiscal quarters. Generated on 2026-09-24 17:33
Oracle Nvidia A100 cumulative Q1 2022 through Q4 2025,Nvidia,Oracle,A100,2022-01-01,2025-12-31,15789.0,28904,52829.0,4978.0,9114,16658.0,6.316,11.562,21.132,189468987.0,346849178.0,633948006.0,,,Based on Nvidia fiscal quarters. Generated on 2026-09-24 17:33
Oracle Nvidia B200 cumulative Q1 2022 through Q4 2025,Nvidia,Oracle,B200,2022-01-01,2025-12-31,124194.0,167998,226531.0,313779.0,424452,572336.0,149.033,201.598,271.837,4595174726.0,6215934894.0,8381628660.0,,,Based on Nvidia fiscal quarters. Generated on 2026-09-24 17:33
Oracle Nvidia B300 cumulative Q1 2022 through Q4 2025,Nvidia,Oracle,B300,2022-01-01,2025-12-31,90522.0,123322,170058.0,228706.0,311577,429655.0,126.731,172.651,238.081,3892443299.0,5302855585.0,7312476569.0,,,Based on Nvidia fiscal quarters. Generated on 2026-09-24 17:33
Oracle Nvidia H100/H200 cumulative Q1 2022 through Q4 2025,Nvidia,Oracle,H100/H200,2022-01-01,2025-12-31,201500.0,284485,397671.0,201500.0,284485,397671.0,141.05,199.139,278.37,5037500131.0,7112122958.0,9941786256.0,,,Based on Nvidia fiscal quarters. Generated on 2026-09-24 17:33
Other Nvidia A100 cumulative Q1 2022 through Q4 2025,Nvidia,Other,A100,2022-01-01,2025-12-31,199104.0,306041,475237.0,62719.0,96405,149703.0,79.641679,122.416593,190.094884,2389248000.0,3672492000.0,5702844000.0,,,"Excludes Microsoft, Meta, Amazon, Google, Oracle, China, xAI, CoreWeave. Generated on 2026-04-22 11:57 Converted from the percentile-only CSVs in owners_csv_export/."
Other Nvidia B200 cumulative Q1 2022 through Q4 2025,Nvidia,Other,B200,2022-01-01,2025-12-31,173275.0,325188,526590.0,437364.0,820808,1329167.0,207.930338,390.226169,631.908609,6411175000.0,12031956000.0,19483830000.0,,,"Excludes Microsoft, Meta, Amazon, Google, Oracle, China, xAI, CoreWeave. Generated on 2026-04-22 11:57 Converted from the percentile-only CSVs in owners_csv_export/."
Other Nvidia B300 cumulative Q1 2022 through Q4 2025,Nvidia,Other,B300,2022-01-01,2025-12-31,326797.0,456688,618890.0,824870.0,1152728,1562143.0,457.516698,639.364212,866.446964,14052271000.0,19637584000.0,26612270000.0,,,"Excludes Microsoft, Meta, Amazon, Google, Oracle, China, xAI, CoreWeave. Generated on 2026-04-22 11:57 Converted from the percentile-only CSVs in owners_csv_export/."
Other Nvidia H100/H200 cumulative Q1 2022 through Q4 2025,Nvidia,Other,H100/H200,2022-01-01,2025-12-31,552250.0,904920,1357167.0,551720.0,904051,1355863.0,386.575424,633.444151,950.017089,13806250000.0,22623000000.0,33929175000.0,,,"Excludes Microsoft, Meta, Amazon, Google, Oracle, China, xAI, CoreWeave. Generated on 2026-04-22 11:57 Converted from the percentile-only CSVs in owners_csv_export/."
xAI Nvidia B200 cumulative Q1 2024 through Q4 2025,Nvidia,xAI,B200,2024-01-01,2025-12-31,,140000,,,350000,,,168.0,,,5180000000.0,,,https://epoch.ai/data/data-centers/satellite-explorer/xAIColossus2,550k total Blackwells per Musk. B200/B300 split (220k/330k) is Epoch estimate based on projected chip sales trends.
xAI Nvidia H100/H200 cumulative Q1 2024 through Q4 2025,Nvidia,xAI,H100/H200,2024-01-01,2025-12-31,,200000,,,200000,,,140.0,,,5000000000.0,,,https://epoch.ai/data/data-centers/satellite-explorer/xAIColossus1,No change from Q1 2025.
Amazon Nvidia A100 cumulative Q1 2022 through Q1 2026,Nvidia,Amazon,A100,2022-01-01,2026-03-31,56669.0,86410,134708.0,17868.0,27246,42475.0,22.668,34.564,53.883,680032761.0,1036921205.0,1616492586.0,true,,Based on Nvidia fiscal quarters. Generated on 2026-09-24 17:33
Amazon Nvidia B200 cumulative Q1 2022 through Q1 2026,Nvidia,Amazon,B200,2022-01-01,2026-03-31,178927.0,234707,311078.0,452064.0,592995,785946.0,214.712,281.649,373.293,6620294711.0,8684167569.0,11509869337.0,true,,Based on Nvidia fiscal quarters. Generated on 2026-09-24 17:33
Amazon Nvidia B300 cumulative Q1 2022 through Q1 2026,Nvidia,Amazon,B300,2022-01-01,2026-03-31,125091.0,167021,223888.0,316046.0,421984,565659.0,175.127,233.83,313.443,5378912020.0,7181911166.0,9627181894.0,true,,Based on Nvidia fiscal quarters. Generated on 2026-09-24 17:33
Amazon Nvidia H100/H200 cumulative Q1 2022 through Q1 2026,Nvidia,Amazon,H100/H200,2022-01-01,2026-03-31,342471.0,451831,585637.0,342471.0,451831,585637.0,239.73,316.281,409.946,8561787398.0,11295765471.0,14640919298.0,true,,Based on Nvidia fiscal quarters. Generated on 2026-09-24 17:33
China Nvidia A100 cumulative Q1 2022 through Q1 2026,Nvidia,China,A100,2022-01-01,2026-03-31,47101.0,72697,112744.0,14851.0,22922,35549.0,18.84,29.079,45.098,565211140.0,872366290.0,1352930638.0,true,,Based on Nvidia fiscal quarters. Generated on 2026-09-24 17:33
China Nvidia A800 cumulative Q1 2022 through Q1 2026,Nvidia,China,A800,2022-01-01,2026-03-31,92872.0,121421,157504.0,29283.0,38285,49663.0,37.149,48.568,63.002,1114461381.0,1457053446.0,1890049258.0,true,,Based on Nvidia fiscal quarters. Generated on 2026-09-24 17:33
China Nvidia H20 cumulative Q1 2022 through Q1 2026,Nvidia,China,H20,2022-01-01,2026-03-31,1146319.0,1489899,1938219.0,171456.0,222845,289900.0,458.528,595.96,775.287,13755832750.0,17878789418.0,23258622021.0,true,,Based on Nvidia fiscal quarters. Generated on 2026-09-24 17:33
China Nvidia H800 cumulative Q1 2022 through Q1 2026,Nvidia,China,H800,2022-01-01,2026-03-31,93121.0,115431,143649.0,93121.0,115431,143649.0,65.185,80.801,100.554,2793637866.0,3462916731.0,4309466274.0,true,,Based on Nvidia fiscal quarters. Generated on 2026-09-24 17:33
Google Nvidia A100 cumulative Q1 2022 through Q1 2026,Nvidia,Google,A100,2022-01-01,2026-03-31,56222.0,86456,133584.0,17727.0,27260,42120.0,22.489,34.582,53.434,674663998.0,1037467189.0,1603007456.0,true,,Based on Nvidia fiscal quarters. Generated on 2026-09-24 17:33
Google Nvidia B200 cumulative Q1 2022 through Q1 2026,Nvidia,Google,B200,2022-01-01,2026-03-31,146484.0,193779,254967.0,370097.0,489589,644182.0,175.781,232.535,305.961,5419917723.0,7169839849.0,9433786490.0,true,,Based on Nvidia fiscal quarters. Generated on 2026-09-24 17:33
Google Nvidia B300 cumulative Q1 2022 through Q1 2026,Nvidia,Google,B300,2022-01-01,2026-03-31,105210.0,139652,185803.0,265817.0,352835,469438.0,147.294,195.513,260.125,4524043769.0,6005047115.0,7989547529.0,true,,Based on Nvidia fiscal quarters. Generated on 2026-09-24 17:33
Google Nvidia H100/H200 cumulative Q1 2022 through Q1 2026,Nvidia,Google,H100/H200,2022-01-01,2026-03-31,322332.0,423373,555799.0,322332.0,423373,555799.0,225.632,296.361,389.059,8058290017.0,10584320340.0,13894971667.0,true,,Based on Nvidia fiscal quarters. Generated on 2026-09-24 17:33
Meta Nvidia A100 cumulative Q1 2022 through Q1 2026,Nvidia,Meta,A100,2022-01-01,2026-03-31,77063.0,118947,185923.0,24299.0,37505,58623.0,30.825,47.579,74.369,924750557.0,1427366127.0,2231074337.0,true,,Based on Nvidia fiscal quarters. Generated on 2026-09-24 17:33
Meta Nvidia B200 cumulative Q1 2022 through Q1 2026,Nvidia,Meta,B200,2022-01-01,2026-03-31,223475.0,293822,387565.0,564616.0,742349,979193.0,268.17,352.586,465.078,8268568553.0,10871411235.0,14339895583.0,true,,Based on Nvidia fiscal quarters. Generated on 2026-09-24 17:33
Meta Nvidia B300 cumulative Q1 2022 through Q1 2026,Nvidia,Meta,B300,2022-01-01,2026-03-31,168494.0,226556,304892.0,425705.0,572401,770318.0,235.892,317.179,426.848,7245245360.0,9741915878.0,13110344647.0,true,,Based on Nvidia fiscal quarters. Generated on 2026-09-24 17:33
Meta Nvidia H100/H200 cumulative Q1 2022 through Q1 2026,Nvidia,Meta,H100/H200,2022-01-01,2026-03-31,451396.0,594470,774476.0,451396.0,594470,774476.0,315.978,416.129,542.133,11284911596.0,14861756546.0,19361908580.0,true,,Based on Nvidia fiscal quarters. Generated on 2026-09-24 17:33
Microsoft Nvidia A100 cumulative Q1 2022 through Q1 2026,Nvidia,Microsoft,A100,2022-01-01,2026-03-31,147063.0,227035,353206.0,46371.0,71587,111370.0,58.825,90.814,141.283,1764761667.0,2724419663.0,4238475324.0,true,,Based on Nvidia fiscal quarters. Generated on 2026-09-24 17:33
Microsoft Nvidia B200 cumulative Q1 2022 through Q1 2026,Nvidia,Microsoft,B200,2022-01-01,2026-03-31,366520.0,483598,636666.0,926022.0,1221824,1608556.0,439.824,580.318,764.0,13561228649.0,17893125919.0,23556654052.0,true,,Based on Nvidia fiscal quarters. Generated on 2026-09-24 17:33
Microsoft Nvidia B300 cumulative Q1 2022 through Q1 2026,Nvidia,Microsoft,B300,2022-01-01,2026-03-31,276211.0,366190,486323.0,697855.0,925189,1228710.0,386.695,512.666,680.853,11877066661.0,15746169953.0,20911909755.0,true,,Based on Nvidia fiscal quarters. Generated on 2026-09-24 17:33
Microsoft Nvidia H100/H200 cumulative Q1 2022 through Q1 2026,Nvidia,Microsoft,H100/H200,2022-01-01,2026-03-31,834492.0,1093460,1444564.0,834492.0,1093460,1444564.0,584.144,765.422,1011.195,20862301952.0,27336508691.0,36114098610.0,true,,Based on Nvidia fiscal quarters. Generated on 2026-09-24 17:33
Oracle Nvidia A100 cumulative Q1 2022 through Q1 2026,Nvidia,Oracle,A100,2022-01-01,2026-03-31,15789.0,28904,52829.0,4978.0,9114,16658.0,6.316,11.562,21.132,189468987.0,346849178.0,633948006.0,true,,Based on Nvidia fiscal quarters. Generated on 2026-09-24 17:33
Oracle Nvidia B200 cumulative Q1 2022 through Q1 2026,Nvidia,Oracle,B200,2022-01-01,2026-03-31,130919.0,176920,238711.0,330770.0,446995,603111.0,157.103,212.305,286.453,4843999586.0,6546057983.0,8832313383.0,true,,Based on Nvidia fiscal quarters. Generated on 2026-09-24 17:33
Oracle Nvidia B300 cumulative Q1 2022 through Q1 2026,Nvidia,Oracle,B300,2022-01-01,2026-03-31,101599.0,139086,192422.0,256692.0,351405,486160.0,142.238,194.721,269.391,4368738411.0,5980702215.0,8274154878.0,true,,Based on Nvidia fiscal quarters. Generated on 2026-09-24 17:33
Oracle Nvidia H100/H200 cumulative Q1 2022 through Q1 2026,Nvidia,Oracle,H100/H200,2022-01-01,2026-03-31,201500.0,284485,397671.0,201500.0,284485,397671.0,141.05,199.139,278.37,5037500131.0,7112122958.0,9941786256.0,true,,Based on Nvidia fiscal quarters. Generated on 2026-09-24 17:33
Other Nvidia A100 cumulative Q1 2022 through Q1 2026,Nvidia,Other,A100,2022-01-01,2026-03-31,197477.0,306395,476985.0,62161.0,96446,150144.0,78.990863,122.55801,190.794063,2369724000.0,3676740000.0,5723820000.0,true,,"Excludes Microsoft, Meta, Amazon, Google, Oracle, China, xAI, CoreWeave. Incomplete: based on Nvidia fiscal quarters ending 1/25/2026. Generated on 2026-04-22 11:57 Converted from the percentile-only CSVs in owners_csv_export/."
Other Nvidia B200 cumulative Q1 2022 through Q1 2026,Nvidia,Other,B200,2022-01-01,2026-03-31,224256.0,379899,590273.0,565633.0,958207,1488824.0,269.107422,455.879546,708.32793,8297472000.0,14056263000.0,21840101000.0,true,,"Excludes Microsoft, Meta, Amazon, Google, Oracle, China, xAI, CoreWeave. Incomplete: based on Nvidia fiscal quarters ending 1/25/2026. Generated on 2026-04-22 11:57 Converted from the percentile-only CSVs in owners_csv_export/."
Other Nvidia B300 cumulative Q1 2022 through Q1 2026,Nvidia,Other,B300,2022-01-01,2026-03-31,405198.0,548582,737869.0,1022017.0,1383670,1861102.0,567.277898,768.015972,1033.01766,17423514000.0,23589026000.0,31728367000.0,true,,"Excludes Microsoft, Meta, Amazon, Google, Oracle, China, xAI, CoreWeave. Incomplete: based on Nvidia fiscal quarters ending 1/25/2026. Generated on 2026-04-22 11:57 Converted from the percentile-only CSVs in owners_csv_export/."
Other Nvidia H100/H200 cumulative Q1 2022 through Q1 2026,Nvidia,Other,H100/H200,2022-01-01,2026-03-31,551514.0,901946,1346852.0,550583.0,900423,1344578.0,386.059935,631.362461,942.79668,13787850000.0,22548650000.0,33671300000.0,true,,"Excludes Microsoft, Meta, Amazon, Google, Oracle, China, xAI, CoreWeave. Incomplete: based on Nvidia fiscal quarters ending 1/25/2026. Generated on 2026-04-22 11:57 Converted from the percentile-only CSVs in owners_csv_export/."
